cat_id,Cat_sex,neuroticism,energy_level,affection,child_friendly,pet_friendly,vocal,trainability,grooming,independence,dominance,sex_Female,sex_Male,sex_Unknown,cat_name,cat_breed
CAT_00001,Male,3,5,5,6,5,7,4,4,4,5,0,1,0,Bruiser,British Shorthair
CAT_00002,Female,4,3,7,4,2,2,4,4,2,6,1,0,0,Luna,Ragdoll
CAT_00003,Male,3,6,4,4,4,6,4,4,5,5,0,1,0,Jasper,Abyssinian
CAT_00004,Female,5,3,2,2,2,2,4,2,5,4,1,0,0,Griselda,Sphynx
CAT_00005,Male,1,5,7,7,4,6,6,6,4,3,0,1,0,Sunny,Maine Coon
CAT_00006,Female,3,3,5,6,4,5,3,5,6,4,1,0,0,Whiskers,Birman
CAT_00007,Male,2,4,4,4,3,5,5,4,6,6,0,1,0,Thane,American Bobtail
CAT_00008,Female,7,6,4,4,3,6,4,2,2,4,1,0,0,Ripley,Savannah
CAT_00009,Male,4,3,3,4,1,1,6,5,4,3,0,1,0,Bronson,Russian Blue
CAT_00010,Female,7,2,7,4,1,7,1,1,4,3,1,0,0,Onyx,Persian
CAT_00011,Male,4,4,7,3,3,5,4,4,5,4,0,1,0,Bruiser,British Shorthair
CAT_00012,Male,1,1,1,4,3,1,4,4,6,5,0,1,0,Chill,British Longhair
CAT_00013,Male,1,4,7,6,5,6,6,6,6,3,0,1,0,Maverick,Abyssinian
CAT_00014,Male,4,3,7,4,2,2,5,2,4,1,0,1,0,Loki,Russian Blue
CAT_00015,Female,2,6,6,6,7,7,6,6,4,2,1,0,0,Sassy,Siamese
CAT_00016,Male,1,5,7,7,6,7,7,7,6,4,0,1,0,Zeus,Maine Coon
CAT_00017,Female,4,4,2,2,1,7,5,2,6,4,1,0,0,Whiskers,Korat
CAT_00018,Male,2,4,7,6,5,3,4,4,4,7,0,1,0,Jasper,Norwegian Forest Cat
CAT_00019,Male,4,6,7,4,5,1,2,3,3,4,0,1,0,Riot,Bengal
CAT_00020,Female,4,5,4,4,5,4,4,3,2,3,1,0,0,Luna,Siberian
CAT_00021,Male,3,5,6,5,5,6,4,4,4,4,0,1,0,Rufus,Abyssinian
CAT_00022,Female,4,4,5,5,3,6,6,6,6,3,1,0,0,Luna,British Longhair
CAT_00023,Female,5,4,6,5,5,5,5,4,5,2,1,0,0,Whiskers,Maine Coon
CAT_00024,Male,4,6,6,6,2,1,6,4,4,5,0,1,0,Blaze,Ocicat
CAT_00025,Female,1,5,6,6,5,7,6,5,4,2,1,0,0,Cleo,Siamese
CAT_00026,Female,2,2,7,7,3,6,6,6,6,3,1,0,0,Sophie,Ragdoll
CAT_00027,Female,4,7,6,4,7,7,4,4,6,3,1,0,0,Xena,Abyssinian
CAT_00028,Male,4,5,5,5,4,3,3,4,4,4,0,1,0,Jasper,Domestic Shorthair
CAT_00029,Male,5,5,4,3,5,4,5,4,3,3,0,1,0,Onyx,Bengal
CAT_00030,Male,4,4,5,3,3,5,4,2,5,5,0,1,0,Thane,British Shorthair
CAT_00031,Male,2,3,6,5,2,6,6,6,4,5,0,1,0,Maverick,Abyssinian
CAT_00032,Female,2,6,6,2,3,2,6,4,4,3,1,0,0,Luna,Korat
CAT_00033,Male,3,4,6,6,5,7,5,4,4,5,0,1,0,Jasper,Maine Coon
CAT_00034,Female,4,6,5,5,7,4,6,6,6,4,1,0,0,Willow,Ocicat
CAT_00035,Female,3,4,4,5,4,7,5,5,6,3,1,0,0,Onyx,Singapura
CAT_00036,Unknown,6,3,5,6,3,2,4,5,4,6,0,0,1,Socks,Norwegian Forest Cat
CAT_00037,Male,4,4,6,5,4,7,2,2,4,3,0,1,0,Blaze,American Bobtail
CAT_00038,Male,4,3,6,4,4,7,4,3,6,6,0,1,0,Kaiser,Russian Blue
CAT_00039,Male,2,5,6,5,2,4,6,4,5,4,0,1,0,Hunter,Bengal
CAT_00040,Male,2,7,7,6,7,7,5,6,6,2,0,1,0,Zeus,Savannah
CAT_00041,Male,1,4,6,5,3,6,7,6,6,7,0,1,0,Rocket,British Shorthair
CAT_00042,Female,2,5,7,6,7,7,4,4,4,2,1,0,0,Luna,Balinese
CAT_00043,Female,4,6,7,3,2,7,5,4,5,2,1,0,0,Onyx,Sphynx
CAT_00044,Male,1,4,7,6,5,7,4,4,3,1,0,1,0,Jasper,Ragdoll
CAT_00045,Female,4,5,6,4,5,5,6,4,5,3,1,0,0,Whiskers,Maine Coon
CAT_00046,Unknown,3,3,6,6,4,6,5,5,6,4,0,0,1,Muffin,British Longhair
CAT_00047,Male,2,5,7,6,5,4,6,5,4,2,0,1,0,Finn,Siberian
CAT_00048,Male,2,7,7,4,7,6,5,2,3,1,0,1,0,Blaze,Abyssinian
CAT_00049,Male,6,5,6,4,2,5,4,4,4,5,0,1,0,Brutus,Norwegian Forest Cat
CAT_00050,Female,1,2,7,6,3,7,6,6,4,5,1,0,0,Cleo,Persian
CAT_00051,Female,4,4,4,4,2,2,5,4,6,3,1,0,0,Luna,Abyssinian
CAT_00052,Male,2,6,7,6,2,6,5,6,5,2,0,1,0,Jasper,American Bobtail
CAT_00053,Female,2,4,7,4,5,2,4,4,4,2,1,0,0,Lola,British Shorthair
CAT_00054,Female,2,5,7,4,7,5,4,4,2,1,1,0,0,Willow,Maine Coon
CAT_00055,Female,3,6,6,4,4,7,6,4,5,3,1,0,0,Whiskey,Siamese
CAT_00056,Female,2,4,6,4,3,2,6,4,5,6,1,0,0,Piper,Cornish Rex
CAT_00057,Male,4,5,6,1,5,7,4,1,5,6,0,1,0,Thane,Norwegian Forest Cat
CAT_00058,Male,3,4,7,6,6,2,7,6,4,5,0,1,0,Finn,Bengal
CAT_00059,Female,5,6,7,6,2,6,6,4,4,5,1,0,0,Onyx,Russian Blue
CAT_00060,Male,4,6,7,4,5,5,5,4,3,2,0,1,0,Maverick,Savannah
CAT_00061,Male,1,5,7,6,6,7,3,4,4,4,0,1,0,Boris,Abyssinian
CAT_00062,Female,4,7,4,4,5,6,3,2,4,1,1,0,0,Blaze,Korat
CAT_00063,Female,1,2,6,6,3,7,3,3,5,3,1,0,0,Luna,Ragdoll
CAT_00064,Female,4,4,4,4,4,5,4,4,4,4,1,0,0,Midge,British Shorthair
CAT_00065,Female,3,4,5,5,4,6,5,5,4,4,1,0,0,Whiskers,Norwegian Forest Cat
CAT_00066,Male,3,6,6,5,2,7,5,3,4,6,0,1,0,Jasper,Abyssinian
CAT_00067,Female,2,5,6,5,2,7,5,4,4,4,1,0,0,Lola,Siamese
CAT_00068,Male,1,5,4,5,4,5,6,6,4,3,0,1,0,Thane,Siberian
CAT_00069,Female,1,5,7,7,6,6,7,7,6,1,1,0,0,Cleo,Maine Coon
CAT_00070,Male,5,6,6,2,7,7,4,2,6,5,0,1,0,Tiger,Savannah
CAT_00071,Female,1,4,6,6,5,3,6,6,5,4,1,0,0,Luna,Oriental Shorthair
CAT_00072,Male,5,4,4,2,3,6,2,1,4,3,0,1,0,Brutus,British Shorthair
CAT_00073,Male,1,5,2,6,7,7,6,6,4,6,0,1,0,Blaze,Abyssinian
CAT_00074,Male,4,2,5,4,4,1,5,4,5,3,0,1,0,Jasper,Ragdoll
CAT_00075,Female,2,7,5,3,6,5,6,4,4,2,1,0,0,Zephyr,Siamese
CAT_00076,Male,3,3,6,5,6,6,6,6,6,2,0,1,0,Simba,Maine Coon
CAT_00077,Female,6,4,4,3,5,7,6,4,4,3,1,0,0,Onyx,Norwegian Forest Cat
CAT_00078,Female,3,6,6,4,5,7,6,6,4,5,1,0,0,Astrid,Egyptian Mau
CAT_00079,Female,2,6,7,7,6,5,6,6,6,2,1,0,0,Willow,Balinese
CAT_00080,Male,2,6,6,6,6,6,6,5,4,3,0,1,0,Hunter,Siberian
CAT_00081,Male,2,5,5,6,5,2,6,6,4,4,0,1,0,Ollie,Abyssinian
CAT_00082,Male,4,6,6,4,3,6,4,4,4,4,0,1,0,Jasper,Abyssinian
CAT_00083,Female,2,4,6,6,5,7,6,6,6,4,1,0,0,Luna,Balinese
CAT_00084,Female,4,6,6,4,3,5,4,4,4,4,1,0,0,Daphne,Abyssinian
CAT_00085,Female,2,6,6,4,3,7,4,4,4,5,1,0,0,Onyx,Siamese
CAT_00086,Female,2,5,6,4,6,4,6,6,4,1,1,0,0,Gracie,Ragdoll
CAT_00087,Unknown,3,5,3,4,1,7,4,4,6,5,0,0,1,Raven,Sphynx
CAT_00088,Female,2,6,6,6,2,7,4,4,4,3,1,0,0,Zara,Balinese
CAT_00089,Female,6,4,4,4,2,5,3,4,4,1,1,0,0,Sassy,British Shorthair
CAT_00090,Male,1,4,4,4,2,1,4,4,6,5,0,1,0,Gatsby,Maine Coon
CAT_00091,Female,2,5,7,4,3,6,4,4,4,6,1,0,0,Luna,Abyssinian
CAT_00092,Male,2,5,7,6,5,5,2,4,4,2,0,1,0,Jasper,British Shorthair
CAT_00093,Male,4,4,3,4,3,3,5,4,6,5,0,1,0,Gizmo,Cymric
CAT_00094,Male,2,5,6,6,3,7,6,6,5,3,0,1,0,Maverick,Abyssinian
CAT_00095,Female,4,4,4,4,1,6,5,4,4,4,1,0,0,Onyx,Chartreux
CAT_00096,Male,3,4,6,6,7,4,4,5,4,4,0,1,0,Cooper,Maine Coon
CAT_00097,Male,4,4,4,6,5,7,2,4,4,2,0,1,0,Brutus,Norwegian Forest Cat
CAT_00098,Male,5,5,5,5,5,5,5,4,5,2,0,1,0,Zephyr,Ocicat
CAT_00099,Female,2,5,6,6,6,5,6,6,6,3,1,0,0,Astrid,Balinese
CAT_00100,Female,4,5,1,4,2,2,6,4,4,2,1,0,0,Sable,Sphynx
CAT_00101,Male,4,4,6,3,3,7,5,3,7,6,0,1,0,Rufus,Abyssinian
CAT_00102,Female,7,3,6,3,6,7,4,2,4,3,1,0,0,Loki,British Shorthair
CAT_00103,Male,5,6,6,3,4,7,4,2,4,5,0,1,0,Jasper,American Bobtail
CAT_00104,Female,1,4,4,4,6,3,2,4,4,5,1,0,0,Mochi,Persian
CAT_00105,Male,2,5,7,4,6,7,4,6,4,7,0,1,0,Maxim,Maine Coon
CAT_00106,Male,2,5,7,5,6,5,4,4,6,1,0,1,0,Gatsby,Ragdoll
CAT_00107,Female,1,5,7,6,7,7,6,6,4,1,1,0,0,Luna,Siamese
CAT_00108,Female,3,4,2,5,3,3,4,4,6,3,1,0,0,Sable,Korat
CAT_00109,Female,6,3,5,4,3,7,2,2,4,2,1,0,0,Onyx,Russian Blue
CAT_00110,Male,2,2,6,4,5,7,4,4,1,2,0,1,0,Finnley,Norwegian Forest Cat
CAT_00111,Female,4,5,4,3,1,2,6,4,6,4,1,0,0,Luna,British Shorthair
CAT_00112,Female,2,5,5,5,5,4,6,6,4,3,1,0,0,Daisy,Balinese
CAT_00113,Female,2,4,5,6,4,5,5,5,5,5,1,0,0,Cleo,Ragdoll
CAT_00114,Female,2,4,5,5,3,4,4,4,6,6,1,0,0,Onyx,Russian Blue
CAT_00115,Female,4,4,6,5,5,5,5,4,4,2,1,0,0,Willow,Maine Coon
CAT_00116,Female,4,4,6,4,5,5,5,4,3,2,1,0,0,Lola,British Longhair
CAT_00117,Female,4,4,6,6,4,2,6,6,4,3,1,0,0,Sassy,Siberian
CAT_00118,Female,4,5,6,3,4,5,6,4,6,6,1,0,0,Zara,Abyssinian
CAT_00119,Male,2,6,6,6,4,7,4,6,4,4,0,1,0,Blaze,Bengal
CAT_00120,Male,2,5,4,6,4,6,6,6,6,4,0,1,0,Jasper,Savannah
CAT_00121,Female,6,4,6,4,5,5,4,4,1,1,1,0,0,Luna,British Shorthair
CAT_00122,Female,5,5,4,6,5,7,7,6,7,1,1,0,0,Whiskers,Abyssinian
CAT_00123,Male,1,5,7,7,6,7,6,7,4,2,0,1,0,Maximus,Ragdoll
CAT_00124,Male,4,4,5,6,5,6,6,5,5,2,0,1,0,Jasper,British Longhair
CAT_00125,Female,4,4,6,6,3,4,5,5,4,3,1,0,0,Willow,Norwegian Forest Cat
CAT_00126,Female,3,7,6,4,5,3,6,6,6,6,1,0,0,Onyx,Egyptian Mau
CAT_00127,Male,2,5,7,6,6,7,7,6,4,1,0,1,0,Leo,Siberian
CAT_00128,Female,6,6,2,2,1,1,4,2,6,5,1,0,0,Kiera,Sphynx
CAT_00129,Female,1,6,7,7,6,5,6,7,6,1,1,0,0,Aurora,Maine Coon
CAT_00130,Male,4,5,4,4,5,7,3,3,4,4,0,1,0,Thane,Russian Blue
CAT_00131,Female,2,6,7,5,5,6,2,2,3,1,1,0,0,Luna,British Shorthair
CAT_00132,Female,1,1,7,7,2,5,6,7,4,6,1,0,0,Sophie,Persian
CAT_00133,Male,4,5,5,4,4,6,4,4,4,3,0,1,0,Jasper,American Bobtail
CAT_00134,Female,3,5,6,4,3,4,4,4,4,2,1,0,0,Willow,Ocicat
CAT_00135,Female,2,4,7,6,4,7,7,7,7,6,1,0,0,Ophelia,Ragdoll
CAT_00136,Male,7,5,1,1,1,4,2,1,7,5,0,1,0,Bruiser,Sphynx
CAT_00137,Female,4,4,6,4,2,5,6,4,6,4,1,0,0,Moxie,Norwegian Forest Cat
CAT_00138,Male,1,5,6,6,1,3,4,4,6,5,0,1,0,Finn,Korat
CAT_00139,Male,4,5,4,6,4,5,6,6,6,4,0,1,0,Kai,Siberian
CAT_00140,Male,4,5,6,6,4,6,6,6,4,3,0,1,0,Atlas,Maine Coon
CAT_00141,Female,4,4,4,4,4,6,6,4,3,3,1,0,0,Luna,Abyssinian
CAT_00142,Male,2,4,6,6,6,2,5,5,4,3,0,1,0,Max,British Shorthair
CAT_00143,Female,2,5,7,5,5,7,5,4,4,3,1,0,0,Sassy,Siamese
CAT_00144,Female,4,5,6,4,2,7,6,4,6,5,1,0,0,Onyx,Russian Blue
CAT_00145,Female,2,5,4,4,4,3,6,5,4,2,1,0,0,Whiskers,Maine Coon
CAT_00146,Male,5,3,6,2,1,7,6,3,2,4,0,1,0,Gizmo,Scottish Fold
CAT_00147,Female,4,6,6,6,5,6,6,6,6,4,1,0,0,Xanthe,Abyssinian
CAT_00148,Male,4,5,6,6,5,7,6,6,4,2,0,1,0,Jasper,British Longhair
CAT_00149,Male,4,5,4,4,6,5,4,4,4,3,0,1,0,Rocky,Domestic Shorthair
CAT_00150,Male,4,6,5,4,6,4,4,4,5,3,0,1,0,Thane,Siberian
CAT_00151,Male,2,6,5,4,6,2,4,2,3,5,0,1,0,Rocky,Abyssinian
CAT_00152,Female,3,4,7,4,5,7,6,4,2,2,1,0,0,Luna,Ragdoll
CAT_00153,Female,4,6,4,2,2,6,4,2,6,6,1,0,0,Onyx,Sphynx
CAT_00154,Male,2,3,3,6,2,5,4,6,6,3,0,1,0,Jasper,Maine Coon
CAT_00155,Male,7,3,3,4,6,6,2,1,2,2,0,1,0,Gizmo,Norwegian Forest Cat
CAT_00156,Female,2,4,7,6,4,6,7,6,5,2,1,0,0,Sophia,British Longhair
CAT_00157,Female,6,5,7,6,6,1,7,6,2,1,1,0,0,Astrid,Siberian
CAT_00158,Male,1,4,7,7,7,4,7,7,4,1,0,1,0,Max,Persian
CAT_00159,Male,5,3,4,4,2,7,3,2,4,6,0,1,0,Thane,Russian Blue
CAT_00160,Female,2,5,6,6,6,6,4,5,2,1,1,0,0,Willow,Ocicat
CAT_00161,Male,2,4,4,6,6,6,4,5,5,3,0,1,0,Brock,British Shorthair
CAT_00162,Female,6,4,2,2,5,3,5,2,4,3,1,0,0,Xanthe,Korat
CAT_00163,Female,7,5,4,4,2,7,4,4,4,1,1,0,0,Ravenna,Abyssinian
CAT_00164,Male,5,3,6,4,1,5,6,3,4,1,0,1,0,Atlas,Ragdoll
CAT_00165,Female,1,5,6,4,2,5,6,4,4,5,1,0,0,Astrid,Norwegian Forest Cat
CAT_00166,Male,4,5,4,4,5,4,5,4,4,4,0,1,0,Jasper,Maine Coon
CAT_00167,Male,3,3,5,4,1,4,2,4,5,6,0,1,0,Thane,American Bobtail
CAT_00168,Male,4,6,6,4,4,5,5,4,4,5,0,1,0,Blaze,Ocicat
CAT_00169,Female,3,5,6,5,5,4,4,4,3,2,1,0,0,Luna,Balinese
CAT_00170,Male,4,3,4,5,4,2,4,4,4,2,0,1,0,Gideon,British Longhair
CAT_00171,Male,3,6,6,2,4,7,4,3,4,4,0,1,0,Rocket,Abyssinian
CAT_00172,Female,5,2,4,6,1,1,5,4,6,3,1,0,0,Luna,British Longhair
CAT_00173,Male,2,4,6,4,4,6,4,4,4,2,0,1,0,Finn,Maine Coon
CAT_00174,Female,2,5,4,1,4,6,4,1,5,5,1,0,0,Onyx,Ocicat
CAT_00175,Male,6,4,3,4,1,7,4,2,5,7,0,1,0,Blaze,Savannah
CAT_00176,Female,1,3,7,7,7,5,4,7,7,1,1,0,0,Angel,Ragdoll
CAT_00177,Female,4,4,6,4,2,5,4,4,4,2,1,0,0,Lola,Norwegian Forest Cat
CAT_00178,Female,2,6,7,2,1,6,4,2,4,7,1,0,0,Vega,Bengal
CAT_00179,Female,5,5,7,6,5,7,3,4,3,1,1,0,0,Willow,Siberian
CAT_00180,Male,5,5,5,3,5,5,6,6,4,6,0,1,0,Jasper,Burmese
CAT_00181,Female,5,3,3,4,1,1,6,4,7,6,1,0,0,Luna,Abyssinian
CAT_00182,Female,2,6,4,4,1,6,7,6,4,6,1,0,0,Zuzu,Korat
CAT_00183,Male,5,3,3,4,4,5,4,4,5,4,0,1,0,Jasper,British Shorthair
CAT_00184,Female,5,4,4,4,4,5,4,4,4,3,1,0,0,Whiskers,Domestic Shorthair
CAT_00185,Male,4,4,4,4,3,5,6,4,4,2,0,1,0,Finn,Maine Coon
CAT_00186,Male,6,5,6,2,3,1,4,2,2,5,0,1,0,Blaze,Sphynx
CAT_00187,Female,6,6,6,4,5,6,7,4,6,3,1,0,0,Onyx,Siamese
CAT_00188,Female,5,5,6,6,7,6,6,6,3,3,1,0,0,Lola,Oriental Shorthair
CAT_00189,Female,2,6,7,4,6,5,5,5,5,4,1,0,0,Daisy,Ragdoll
CAT_00190,Male,2,3,6,4,4,5,6,5,5,5,0,1,0,Thane,British Longhair
CAT_00191,Female,6,6,4,2,4,7,4,3,2,3,1,0,0,Luna,Abyssinian
CAT_00192,Female,5,4,6,4,4,6,4,4,4,4,1,0,0,Gracie,Burmese
CAT_00193,Female,4,5,6,6,5,4,4,4,4,4,1,0,0,Daisy,Ragdoll
CAT_00194,Female,4,6,4,3,3,4,4,4,5,5,1,0,0,Zephyr,Siamese
CAT_00195,Female,2,4,7,6,2,6,6,6,5,3,1,0,0,Ophelia,Persian
CAT_00196,Male,4,5,6,4,6,6,4,3,3,4,0,1,0,Jasper,Maine Coon
CAT_00197,Female,4,4,3,4,3,6,2,4,6,4,1,0,0,Piper,British Shorthair
CAT_00198,Female,4,4,3,3,3,2,4,4,5,5,1,0,0,Sage,Norwegian Forest Cat
CAT_00199,Male,4,4,6,4,3,5,3,3,3,4,0,1,0,Finn,Russian Blue
CAT_00200,Male,4,4,4,6,4,5,2,4,3,2,0,1,0,Bronson,Siberian
CAT_00201,Female,3,6,4,3,3,3,4,2,6,6,1,0,0,Luna,Abyssinian
CAT_00202,Male,6,6,4,2,6,7,4,2,2,5,0,1,0,Blaze,Abyssinian
CAT_00203,Male,2,5,7,6,3,1,4,6,4,5,0,1,0,Jasper,Ragdoll
CAT_00204,Female,6,5,4,4,5,6,6,4,3,4,1,0,0,Onyx,Tonkinese
CAT_00205,Female,2,3,6,6,5,6,6,6,4,2,1,0,0,Mochi,Birman
CAT_00206,Male,2,4,6,6,3,7,6,6,4,4,0,1,0,Simba,Maine Coon
CAT_00207,Female,2,5,6,6,4,7,6,6,6,1,1,0,0,Aurora,Siberian
CAT_00208,Male,3,6,6,6,5,5,6,6,4,3,0,1,0,Nitro,Abyssinian
CAT_00209,Female,2,6,6,6,5,3,4,4,4,3,1,0,0,Dakota,Norwegian Forest Cat
CAT_00210,Female,3,6,7,5,2,2,4,3,6,4,1,0,0,Lyra,British Longhair
CAT_00211,Female,3,4,4,6,7,6,6,6,6,1,1,0,0,Luna,Abyssinian
CAT_00212,Male,3,5,4,4,4,2,6,5,6,2,0,1,0,Jasper,British Shorthair
CAT_00213,Female,1,7,7,6,6,7,6,6,4,2,1,0,0,Akira,Siamese
CAT_00214,Male,4,6,6,6,6,7,4,4,4,4,0,1,0,Maverick,Ocicat
CAT_00215,Male,5,3,4,5,7,7,5,3,4,3,0,1,0,Whiskers,Maine Coon
CAT_00216,Male,6,6,3,3,1,4,6,3,4,2,0,1,0,Onyx,Sphynx
CAT_00217,Male,2,4,6,4,7,2,6,4,4,4,0,1,0,Finn,Korat
CAT_00218,Female,7,6,3,4,2,7,4,3,5,1,1,0,0,Salem,Norwegian Forest Cat
CAT_00219,Female,2,6,6,5,5,6,4,4,4,4,1,0,0,Lola,Balinese
CAT_00220,Female,5,3,3,6,4,3,5,5,6,2,1,0,0,Gracie,Russian Blue
CAT_00221,Female,2,4,6,4,1,5,4,4,3,6,1,0,0,Luna,Abyssinian
CAT_00222,Female,6,5,4,4,4,7,2,3,4,2,1,0,0,Onyx,British Shorthair
CAT_00223,Male,3,5,4,4,3,7,4,3,3,3,0,1,0,Jasper,American Bobtail
CAT_00224,Female,2,3,6,6,4,3,4,4,4,4,1,0,0,Daisy,Ragdoll
CAT_00225,Female,6,5,4,3,4,7,5,2,4,2,1,0,0,Lola,Siamese
CAT_00226,Male,4,6,6,5,5,6,6,5,4,1,0,1,0,Blaze,Ocicat
CAT_00227,Male,1,5,6,6,6,5,4,5,4,3,0,1,0,Finn,Maine Coon
CAT_00228,Male,3,5,7,5,3,7,6,5,5,2,0,1,0,Maverick,Savannah
CAT_00229,Female,4,4,4,4,2,7,5,4,5,6,1,0,0,Cleo,Russian Blue
CAT_00230,Male,4,5,6,3,5,7,6,5,2,5,0,1,0,Thane,Bengal
CAT_00231,Female,1,5,7,6,4,5,4,5,4,4,1,0,0,Luna,British Shorthair
CAT_00232,Female,1,5,6,4,7,3,6,6,4,2,1,0,0,Gracie,Burmese
CAT_00233,Male,2,4,4,4,6,2,6,5,6,3,0,1,0,Jasper,American Bobtail
CAT_00234,Female,2,4,4,6,3,5,6,4,4,3,1,0,0,Lola,Chartreux
CAT_00235,Female,4,4,5,4,1,5,4,4,3,5,1,0,0,Onyx,Siberian
CAT_00236,Male,6,5,4,5,5,2,6,5,4,1,0,1,0,Riot,Ocicat
CAT_00237,Female,2,5,4,4,2,5,4,6,5,2,1,0,0,Raven,Balinese
CAT_00238,Male,3,5,6,6,6,7,7,6,6,2,0,1,0,Apollo,Abyssinian
CAT_00239,Male,4,4,4,4,4,6,4,4,4,2,0,1,0,Thane,Russian Blue
CAT_00240,Female,2,5,4,5,3,6,6,6,6,5,1,0,0,Zelda,Maine Coon
CAT_00241,Female,4,4,3,4,2,3,3,5,4,1,1,0,0,Luna,Abyssinian
CAT_00242,Male,2,6,7,5,6,7,7,6,4,2,0,1,0,Jasper,Bengal
CAT_00243,Female,4,4,4,4,3,6,4,4,4,5,1,0,0,Sasha,Siamese
CAT_00244,Male,4,4,4,5,5,5,5,5,4,4,0,1,0,Oliver,Ocicat
CAT_00245,Female,5,5,3,4,3,4,4,4,4,4,1,0,0,Raven,Balinese
CAT_00246,Female,1,5,6,6,2,7,7,6,7,5,1,0,0,Cleo,Abyssinian
CAT_00247,Female,2,5,7,7,5,7,7,7,7,2,1,0,0,Akira,Javanese
CAT_00248,Male,4,5,3,5,4,5,5,4,7,4,0,1,0,Kai,Savannah
CAT_00249,Female,3,4,7,6,3,6,6,6,4,3,1,0,0,Willow,Ragdoll
CAT_00250,Female,7,5,4,3,2,7,4,4,4,6,1,0,0,Onyx,Siberian
CAT_00251,Male,6,6,4,3,3,5,4,2,4,4,0,1,0,Brutus,Abyssinian
CAT_00252,Female,1,4,7,6,4,7,4,6,4,2,1,0,0,Luna,Ragdoll
CAT_00253,Female,4,5,4,4,2,6,6,5,6,5,1,0,0,Whiskers,Korat
CAT_00254,Female,4,4,6,2,4,5,4,2,4,2,1,0,0,Cleo,British Shorthair
CAT_00255,Female,5,5,4,4,3,2,6,4,4,1,1,0,0,Piper,Russian Blue
CAT_00256,Male,7,4,4,3,1,7,4,2,2,1,0,1,0,Scorch,Sphynx
CAT_00257,Female,4,4,5,4,2,5,5,4,4,5,1,0,0,Lola,Devon Rex
CAT_00258,Female,7,3,4,4,4,5,4,2,4,2,1,0,0,Ophelia,Norwegian Forest Cat
CAT_00259,Male,7,4,5,4,5,7,3,2,3,3,0,1,0,Maverick,Ocicat
CAT_00260,Female,1,6,7,6,5,2,6,5,5,3,1,0,0,Aurora,Maine Coon
CAT_00261,Male,4,4,7,4,5,2,6,4,6,2,0,1,0,Boris,Abyssinian
CAT_00262,Male,3,6,6,2,7,7,4,2,6,5,0,1,0,Jasper,Korat
CAT_00263,Female,4,5,5,4,4,4,4,3,6,5,1,0,0,Mimi,British Shorthair
CAT_00264,Male,3,6,6,6,5,6,6,6,2,2,0,1,0,Finn,Maine Coon
CAT_00265,Male,1,6,7,6,2,6,6,5,4,7,0,1,0,King,Savannah
CAT_00266,Female,1,5,7,3,2,7,6,4,6,6,1,0,0,Lola,Egyptian Mau
CAT_00267,Male,5,7,7,4,1,1,6,4,4,2,0,1,0,Zeus,Devon Rex
CAT_00268,Male,4,4,6,4,7,2,6,4,3,2,0,1,0,Leo,American Shorthair
CAT_00269,Female,1,5,6,7,4,7,6,6,6,2,1,0,0,Luna,Norwegian Forest Cat
CAT_00270,Male,3,5,6,6,5,3,6,5,6,1,0,1,0,Oliver,Siberian
CAT_00271,Male,4,5,4,3,7,7,6,3,4,1,0,1,0,Maverick,Abyssinian
CAT_00272,Female,2,5,7,5,5,6,4,5,4,5,1,0,0,Luna,Ragdoll
CAT_00273,Male,6,4,4,4,3,3,5,4,4,4,0,1,0,Gizmo,British Shorthair
CAT_00274,Female,5,5,6,4,2,5,4,2,4,2,1,0,0,Raven,Ocicat
CAT_00275,Male,2,6,6,3,5,6,4,3,4,4,0,1,0,Jasper,Abyssinian
CAT_00276,Female,6,5,7,4,2,7,6,4,6,1,1,0,0,Onyx,Sphynx
CAT_00277,Male,1,5,7,6,6,6,6,6,4,3,0,1,0,Simba,Maine Coon
CAT_00278,Male,3,4,6,6,7,6,6,5,4,2,0,1,0,Finn,Domestic Shorthair
CAT_00279,Female,2,5,6,6,7,7,7,6,4,2,1,0,0,Astrid,Norwegian Forest Cat
CAT_00280,Male,5,6,7,2,2,6,6,4,4,6,0,1,0,Thane,Savannah
CAT_00281,Female,2,5,6,2,5,7,6,4,4,5,1,0,0,Luna,Abyssinian
CAT_00282,Female,6,6,5,3,3,3,5,3,4,4,1,0,0,Onyx,British Shorthair
CAT_00283,Female,2,7,6,5,4,5,6,6,4,3,1,0,0,Akira,Bengal
CAT_00284,Female,2,4,6,2,2,3,4,2,5,7,1,0,0,Kiara,Russian Blue
CAT_00285,Female,3,4,6,4,4,5,4,3,4,3,1,0,0,Lila,Maine Coon
CAT_00286,Female,2,4,5,6,5,5,4,6,6,3,1,0,0,Dakota,Ragdoll
CAT_00287,Female,3,5,7,5,6,7,6,5,4,1,1,0,0,Zara,Siamese
CAT_00288,Male,2,6,7,2,4,7,2,2,4,6,0,1,0,Thane,Savannah
CAT_00289,Male,2,4,5,6,3,7,6,6,4,3,0,1,0,Jasper,Norwegian Forest Cat
CAT_00290,Female,4,5,4,4,5,7,4,4,2,1,1,0,0,Piper,Siberian
CAT_00291,Male,4,5,6,5,6,6,5,4,4,2,0,1,0,Boris,Abyssinian
CAT_00292,Male,2,6,6,4,2,6,2,3,4,6,0,1,0,Blaze,Ocicat
CAT_00293,Female,2,4,4,2,1,5,6,4,6,3,1,0,0,Lola,Sphynx
CAT_00294,Male,1,6,6,4,2,7,7,7,4,5,0,1,0,Zeus,Devon Rex
CAT_00295,Male,4,5,6,4,2,6,4,4,4,4,0,1,0,Jasper,Abyssinian
CAT_00296,Male,4,6,6,3,2,6,4,2,4,4,0,1,0,Kai,Cornish Rex
CAT_00297,Female,4,4,5,4,2,6,4,3,3,3,1,0,0,Whiskers,British Shorthair
CAT_00298,Female,2,5,6,6,5,6,4,5,5,2,1,0,0,Luna,Balinese
CAT_00299,Male,2,4,6,5,5,6,6,6,6,4,0,1,0,Finn,Maine Coon
CAT_00300,Male,1,5,7,7,7,7,6,7,4,1,0,1,0,Maximilian,Ragdoll
CAT_00301,Female,4,5,7,6,4,4,6,4,7,4,1,0,0,Luna,Abyssinian
CAT_00302,Female,6,7,7,4,4,7,7,4,3,4,1,0,0,Zuzu,Abyssinian
CAT_00303,Male,1,4,7,6,5,6,6,6,4,4,0,1,0,Maximus,British Longhair
CAT_00304,Female,7,5,4,4,1,6,4,1,4,2,1,0,0,Ripley,Sphynx
CAT_00305,Female,4,4,4,4,3,6,2,3,4,5,1,0,0,Mochi,Domestic Shorthair
CAT_00306,Female,3,6,6,5,4,7,5,4,3,1,1,0,0,Lyra,Balinese
CAT_00307,Female,4,5,6,4,3,4,5,3,2,2,1,0,0,Piper,Oriental Shorthair
CAT_00308,Male,1,5,7,5,4,7,2,4,4,5,0,1,0,Blaze,Maine Coon
CAT_00309,Male,4,2,6,6,6,7,2,2,3,5,0,1,0,Jasper,Ragdoll
CAT_00310,Female,1,5,4,7,4,3,7,7,6,4,1,0,0,Odessa,Persian
CAT_00311,Male,5,7,6,2,4,7,6,3,4,5,0,1,0,Brutus,Abyssinian
CAT_00312,Male,2,3,6,6,7,7,4,5,3,1,0,1,0,Buddy,British Shorthair
CAT_00313,Male,6,7,6,4,5,3,6,4,4,3,0,1,0,Jasper,Abyssinian
CAT_00314,Male,2,4,7,6,3,7,6,4,5,6,0,1,0,Maverick,Bengal
CAT_00315,Female,5,3,7,5,3,6,6,5,4,3,1,0,0,Luna,Ragdoll
CAT_00316,Female,6,6,4,4,3,2,4,3,4,2,1,0,0,Onyx,Sphynx
CAT_00317,Female,1,6,7,6,1,7,6,6,6,5,1,0,0,Cleo,Siamese
CAT_00318,Male,2,5,6,4,5,4,5,4,5,2,0,1,0,Finn,American Shorthair
CAT_00319,Female,4,4,4,4,5,6,4,4,4,2,1,0,0,Willow,European Burmese
CAT_00320,Male,5,5,6,4,4,6,5,4,5,1,0,1,0,Rocky,Russian Blue
CAT_00321,Male,3,4,7,6,5,5,6,6,5,5,0,1,0,Bruno,Abyssinian
CAT_00322,Female,4,6,6,2,3,6,3,2,6,4,1,0,0,Whiskers,Korat
CAT_00323,Male,5,5,4,6,1,7,4,4,4,7,0,1,0,Loki,Russian Blue
CAT_00324,Male,2,6,6,6,2,5,5,5,4,6,0,1,0,Jasper,Maine Coon
CAT_00325,Female,6,6,2,4,2,1,1,2,4,2,1,0,0,Onyx,Sphynx
CAT_00326,Female,5,5,6,4,3,6,6,6,5,1,1,0,0,Luna,Norwegian Forest Cat
CAT_00327,Female,2,5,6,4,1,6,4,4,4,7,1,0,0,Dakota,Scottish Fold
CAT_00328,Female,2,6,6,6,6,7,5,6,4,2,1,0,0,Nova,Balinese
CAT_00329,Female,2,5,6,5,4,5,4,6,4,4,1,0,0,Piper,Singapura
CAT_00330,Female,6,2,5,3,2,7,6,3,5,1,1,0,0,Midge,British Shorthair
CAT_00331,Female,5,5,4,4,4,6,4,4,5,4,1,0,0,Luna,Abyssinian
CAT_00332,Male,3,4,6,6,4,7,4,6,5,4,0,1,0,Max,Ragdoll
CAT_00333,Female,5,7,7,5,4,4,5,4,6,1,1,0,0,Jasmine,Siamese
CAT_00334,Male,2,4,7,6,4,4,4,4,4,4,0,1,0,Leo,British Shorthair
CAT_00335,Male,3,3,5,5,7,7,7,6,3,2,0,1,0,Felix,Maine Coon
CAT_00336,Female,6,6,7,2,7,5,7,4,2,3,1,0,0,Onyx,Sphynx
CAT_00337,Male,2,4,7,6,4,5,6,6,6,5,0,1,0,Hunter,Ocicat
CAT_00338,Female,4,4,6,5,5,7,6,4,5,2,1,0,0,Cleo,Norwegian Forest Cat
CAT_00339,Male,1,4,6,6,6,2,6,6,4,2,0,1,0,Jasper,Russian Blue
CAT_00340,Female,2,5,7,6,6,5,6,6,6,1,1,0,0,Willow,Siberian
CAT_00341,Female,5,5,5,5,6,3,4,4,2,4,1,0,0,Luna,Oriental Shorthair
CAT_00342,Female,2,5,6,6,6,2,6,6,4,2,1,0,0,Daisy,Burmese
CAT_00343,Male,5,6,4,3,4,5,6,4,4,5,0,1,0,Blaze,Abyssinian
CAT_00344,Female,4,3,6,5,5,5,4,4,2,2,1,0,0,Whiskers,British Longhair
CAT_00345,Female,7,4,4,5,1,4,5,4,6,1,1,0,0,Onyx,Sphynx
CAT_00346,Male,1,5,7,6,6,7,6,6,5,5,0,1,0,Maximilian,Maine Coon
CAT_00347,Female,5,5,3,4,4,7,4,2,6,4,1,0,0,Sassy,Siamese
CAT_00348,Male,3,4,2,7,4,6,7,7,4,3,0,1,0,Jasper,British Shorthair
CAT_00349,Male,2,4,6,6,5,3,6,6,6,3,0,1,0,Finn,Ragdoll
CAT_00350,Female,2,4,4,6,1,1,5,5,7,3,1,0,0,Piper,Norwegian Forest Cat
CAT_00351,Female,4,4,4,4,4,1,4,4,5,5,1,0,0,Luna,Abyssinian
CAT_00352,Female,3,5,7,7,3,7,7,7,4,3,1,0,0,Sassy,Burmese
CAT_00353,Female,6,4,7,4,2,7,3,2,4,1,1,0,0,Onyx,Sphynx
CAT_00354,Female,3,4,4,3,3,7,4,2,6,3,1,0,0,Piper,Oriental Shorthair
CAT_00355,Female,6,2,4,4,3,7,3,2,5,3,1,0,0,Lola,Russian Blue
CAT_00356,Female,2,4,6,6,5,5,6,6,4,3,1,0,0,Daisy,Maine Coon
CAT_00357,Female,4,5,7,6,5,5,6,6,4,1,1,0,0,Whiskers,Balinese
CAT_00358,Male,5,7,3,4,1,7,6,3,4,5,0,1,0,Blaze,Bengal
CAT_00359,Male,1,5,2,4,1,7,7,4,6,5,0,1,0,Jasper,Savannah
CAT_00360,Male,4,6,7,4,6,5,6,6,4,2,0,1,0,Maverick,Norwegian Forest Cat
CAT_00361,Male,1,4,7,7,6,7,4,5,4,1,0,1,0,Boris,British Shorthair
CAT_00362,Female,3,5,4,4,5,5,5,4,3,3,1,0,0,Luna,Balinese
CAT_00363,Male,1,2,7,5,4,3,4,3,5,1,0,1,0,Jasper,Ragdoll
CAT_00364,Female,1,2,6,6,6,2,6,6,4,1,1,0,0,Mabel,British Longhair
CAT_00365,Male,4,5,6,5,4,6,6,4,6,2,0,1,0,Zephyr,Abyssinian
CAT_00366,Male,2,4,5,4,2,7,6,5,4,7,0,1,0,Kaiser,Sphynx
CAT_00367,Female,4,5,6,4,3,5,6,5,2,4,1,0,0,Onyx,Siamese
CAT_00368,Female,5,6,5,4,5,6,5,4,2,4,1,0,0,Akira,Egyptian Mau
CAT_00369,Male,2,4,6,5,5,7,6,5,6,3,0,1,0,Thane,Maine Coon
CAT_00370,Male,3,4,6,4,5,4,4,4,4,5,0,1,0,Gideon,Norwegian Forest Cat
CAT_00371,Female,3,5,6,4,4,5,4,4,5,5,1,0,0,Luna,Abyssinian
CAT_00372,Male,3,5,5,4,2,5,4,4,5,4,0,1,0,Jasper,Bombay
CAT_00373,Female,6,4,6,6,4,7,6,5,2,1,1,0,0,Ophelia,Siamese
CAT_00374,Unknown,4,4,6,6,2,7,6,4,5,6,0,0,1,Sable,Ocicat
CAT_00375,Female,4,6,5,5,4,2,5,4,6,3,1,0,0,Akira,Abyssinian
CAT_00376,Male,2,3,4,5,2,2,6,5,6,2,0,1,0,Finn,British Shorthair
CAT_00377,Male,2,6,4,5,3,6,6,4,4,4,0,1,0,Thane,Bengal
CAT_00378,Female,2,5,6,6,5,7,6,6,4,3,1,0,0,Aurora,Ragdoll
CAT_00379,Female,3,5,5,4,5,6,4,4,4,3,1,0,0,Piper,Balinese
CAT_00380,Female,3,5,5,4,4,6,6,4,4,3,1,0,0,Willa,Maine Coon
CAT_00381,Female,7,5,4,3,1,3,3,3,4,4,1,0,0,Luna,Abyssinian
CAT_00382,Female,5,6,4,6,5,2,6,5,6,3,1,0,0,Daisy,Korat
CAT_00383,Female,4,4,5,4,2,5,4,4,4,5,1,0,0,Whiskers,British Longhair
CAT_00384,Male,2,5,6,6,5,7,4,6,4,5,0,1,0,Jasper,Ragdoll
CAT_00385,Male,2,4,7,6,3,3,6,6,5,6,0,1,0,Leo,Maine Coon
CAT_00386,Male,7,5,7,4,2,7,4,2,5,1,0,1,0,Onyx,Sphynx
CAT_00387,Female,4,4,5,6,6,6,6,6,6,2,1,0,0,Cleo,Siberian
CAT_00388,Male,6,3,4,3,2,5,6,4,7,3,0,1,0,Gizmo,Manx
CAT_00389,Male,1,6,7,6,6,7,4,6,4,2,0,1,0,Maximus,Norwegian Forest Cat
CAT_00390,Male,2,5,7,6,5,6,4,5,3,3,0,1,0,Finnley,Bengal
CAT_00391,Female,2,5,6,5,3,7,6,5,6,6,1,0,0,Luna,Oriental Shorthair
CAT_00392,Male,3,4,4,6,6,6,5,5,3,4,0,1,0,Jasper,British Shorthair
CAT_00393,Male,3,6,7,5,7,7,6,5,4,1,0,1,0,Apollo,Abyssinian
CAT_00394,Male,1,1,4,4,1,6,5,5,7,6,0,1,0,Mellow,Ragdoll
CAT_00395,Female,6,5,6,4,6,3,5,4,4,4,1,0,0,Onyx,Siberian
CAT_00396,Male,4,4,6,2,4,7,4,2,4,4,0,1,0,Thane,Maine Coon
CAT_00397,Male,6,5,7,4,5,7,6,5,3,3,0,1,0,Riot,Bengal
CAT_00398,Male,2,5,5,5,3,4,5,4,5,4,0,1,0,Finn,Siamese
CAT_00399,Male,4,5,7,5,4,7,4,4,2,4,0,1,0,Zephyr,Norwegian Forest Cat
CAT_00400,Male,4,2,7,6,3,5,4,6,3,2,0,1,0,Brutus,Persian
CAT_00401,Female,5,5,4,4,2,5,5,2,4,4,1,0,0,Luna,Abyssinian
CAT_00402,Female,4,4,5,4,5,6,5,5,5,6,1,0,0,Whitney,Ragdoll
CAT_00403,Female,4,6,5,6,3,5,5,6,6,3,1,0,0,Ziggy,Abyssinian
CAT_00404,Female,4,6,5,4,4,6,4,4,4,2,1,0,0,Fiona,British Longhair
CAT_00405,Female,6,3,6,4,3,4,6,4,6,4,1,0,0,Ophelia,Persian
CAT_00406,Female,6,3,3,2,2,3,6,3,5,3,1,0,0,Pixie,Sphynx
CAT_00407,Male,2,5,7,7,5,7,4,6,3,2,0,1,0,Apollo,Maine Coon
CAT_00408,Female,4,4,6,5,3,7,6,6,4,2,1,0,0,Scarlett,Balinese
CAT_00409,Male,4,5,4,2,1,3,4,2,4,7,0,1,0,Maverick,Russian Blue
CAT_00410,Female,5,5,2,4,4,5,4,4,5,4,1,0,0,Onyx,Nebelung
CAT_00411,Male,2,4,6,6,4,6,6,6,6,3,0,1,0,Buster,Oriental Shorthair
CAT_00412,Female,3,5,6,6,4,7,7,6,5,1,1,0,0,Luna,Siamese
CAT_00413,Male,1,5,7,5,5,7,4,5,4,3,0,1,0,Maximus,Maine Coon
CAT_00414,Male,1,2,6,6,4,6,4,6,6,2,0,1,0,Jasper,British Shorthair
CAT_00415,Male,2,6,7,4,5,7,4,4,4,3,0,1,0,Rocket,Abyssinian
CAT_00416,Female,6,4,4,4,5,7,4,1,5,1,1,0,0,Onyx,Sphynx
CAT_00417,Female,6,4,4,4,1,5,3,2,4,1,1,0,0,Sable,Devon Rex
CAT_00418,Male,5,6,6,4,2,7,6,4,6,7,0,1,0,Kaiser,Savannah
CAT_00419,Female,2,3,6,6,5,6,6,6,4,4,1,0,0,Willow,Russian Blue
CAT_00420,Male,7,2,4,4,5,5,5,3,4,2,0,1,0,Thane,Norwegian Forest Cat
CAT_00421,Male,1,4,7,6,7,6,6,6,4,2,0,1,0,Baxter,British Shorthair
CAT_00422,Female,6,5,2,4,3,5,4,4,4,3,1,0,0,Onyx,Siamese
CAT_00423,Female,2,5,7,6,6,5,4,4,3,3,1,0,0,Luna,Ragdoll
CAT_00424,Male,3,6,6,3,3,4,5,4,5,6,0,1,0,Jasper,Abyssinian
CAT_00425,Male,5,2,6,6,1,7,5,4,6,3,0,1,0,Rufus,Maine Coon
CAT_00426,Female,6,4,4,4,2,6,6,5,4,4,1,0,0,Raven,Ocicat
CAT_00427,Female,1,6,6,6,5,5,5,6,4,2,1,0,0,Akira,Balinese
CAT_00428,Male,2,4,6,6,4,4,4,5,4,4,0,1,0,Finn,Norwegian Forest Cat
CAT_00429,Female,6,6,3,2,3,5,4,2,4,5,1,0,0,Blaze,Egyptian Mau
CAT_00430,Female,4,5,6,6,5,5,6,5,4,3,1,0,0,Piper,Siberian
CAT_00431,Male,2,6,6,4,5,7,7,5,4,4,0,1,0,Baxter,Abyssinian
CAT_00432,Female,7,4,7,3,1,5,2,2,4,6,1,0,0,Onyx,Birman
CAT_00433,Male,2,4,6,6,5,6,6,6,5,3,0,1,0,Jasper,Maine Coon
CAT_00434,Female,4,5,6,5,6,5,4,4,3,2,1,0,0,Luna,British Shorthair
CAT_00435,Female,6,2,4,5,5,5,3,4,4,2,1,0,0,Gracie,Ragdoll
CAT_00436,Female,2,4,6,4,5,2,6,5,4,3,1,0,0,Lola,British Longhair
CAT_00437,Male,2,6,5,6,6,5,6,6,5,3,0,1,0,Rocky,Siberian
CAT_00438,Male,7,6,4,3,5,7,6,4,4,3,0,1,0,Blaze,Bengal
CAT_00439,Male,1,6,6,7,5,3,5,6,6,3,0,1,0,Finn,Russian Blue
CAT_00440,Male,6,5,7,4,7,5,6,4,2,1,0,1,0,Atlas,Norwegian Forest Cat
CAT_00441,Male,6,6,5,3,6,6,3,2,4,5,0,1,0,Riot,Abyssinian
CAT_00442,Male,2,5,6,6,4,3,6,6,3,2,0,1,0,Jasper,British Shorthair
CAT_00443,Female,5,5,5,3,3,5,4,3,4,5,1,0,0,Luna,Balinese
CAT_00444,Female,2,4,6,6,5,3,2,4,6,3,1,0,0,Lola,Ragdoll
CAT_00445,Male,2,3,5,4,3,1,6,5,4,4,0,1,0,Simba,Maine Coon
CAT_00446,Male,6,5,6,4,5,7,6,3,2,4,0,1,0,Blaze,Abyssinian
CAT_00447,Male,4,5,6,6,2,6,5,4,4,5,0,1,0,Hunter,Ocicat
CAT_00448,Male,6,7,6,5,2,6,4,4,4,3,0,1,0,Jager,Bengal
CAT_00449,Female,5,4,4,4,4,4,3,3,4,3,1,0,0,Piper,Singapura
CAT_00450,Male,4,4,4,4,5,4,4,4,4,5,0,1,0,Onyx,Russian Blue
CAT_00451,Male,6,3,6,3,1,5,5,3,2,7,0,1,0,Boris,Abyssinian
CAT_00452,Female,1,5,4,6,2,7,5,6,6,2,1,0,0,Luna,Birman
CAT_00453,Male,3,5,6,5,4,7,6,5,3,3,0,1,0,Jasper,Abyssinian
CAT_00454,Female,2,5,7,4,4,7,6,4,4,2,1,0,0,Willow,Ragdoll
CAT_00455,Male,5,3,6,5,3,6,4,4,2,2,0,1,0,Felix,British Shorthair
CAT_00456,Female,6,5,3,4,1,7,4,2,2,1,1,0,0,Onyx,Sphynx
CAT_00457,Male,1,5,7,7,7,3,7,7,4,1,0,1,0,Apollo,Maine Coon
CAT_00458,Female,4,3,4,6,3,3,4,5,4,2,1,0,0,Piper,Norwegian Forest Cat
CAT_00459,Male,6,4,4,2,2,3,6,4,4,4,0,1,0,Thane,Russian Blue
CAT_00460,Male,2,4,2,4,2,5,6,6,6,5,0,1,0,Ranger,Siberian
CAT_00461,Female,5,5,6,6,7,7,7,6,4,1,1,0,0,Luna,Abyssinian
CAT_00462,Female,1,5,7,6,5,7,7,6,4,3,1,0,0,Lola,Burmese
CAT_00463,Female,5,4,4,4,2,5,6,6,7,4,1,0,0,Zelda,Siamese
CAT_00464,Male,1,3,7,7,5,7,5,5,5,4,0,1,0,Max,Ragdoll
CAT_00465,Male,4,6,6,2,2,6,5,3,3,4,0,1,0,Rocky,Savannah
CAT_00466,Male,4,5,5,4,3,5,5,4,3,5,0,1,0,Jasper,Ocicat
CAT_00467,Male,4,4,6,6,3,5,5,5,3,3,0,1,0,Felix,Abyssinian
CAT_00468,Female,6,7,4,5,6,4,4,2,4,2,1,0,0,Akira,Bengal
CAT_00469,Female,1,6,7,7,6,7,7,7,4,2,1,0,0,Dakota,Maine Coon
CAT_00470,Male,2,5,6,6,7,6,6,6,5,2,0,1,0,Cody,British Shorthair
CAT_00471,Male,6,5,6,6,3,7,6,5,4,5,0,1,0,Bongo,Abyssinian
CAT_00472,Female,3,5,5,6,4,5,4,6,4,3,1,0,0,Luna,British Longhair
CAT_00473,Male,2,5,5,5,3,6,4,5,5,5,0,1,0,Jasper,Korat
CAT_00474,Male,5,4,5,4,5,7,6,4,5,2,0,1,0,Finn,Russian Blue
CAT_00475,Female,3,6,6,7,6,1,4,5,4,1,1,0,0,Whiskers,Norwegian Forest Cat
CAT_00476,Male,7,2,6,4,6,6,4,2,4,3,0,1,0,Bruiser,Abyssinian
CAT_00477,Unknown,2,4,7,5,6,6,5,4,4,4,0,0,1,Mocha,Domestic Shorthair
CAT_00478,Female,2,1,4,4,4,7,6,4,4,3,1,0,0,Sassy,Sphynx
CAT_00479,Male,2,4,7,6,4,3,4,5,3,2,0,1,0,Rusty,Maine Coon
CAT_00480,Male,5,5,6,5,5,6,6,4,4,2,0,1,0,Gizmo,Ocicat
CAT_00481,Female,4,5,6,6,5,5,7,6,4,4,1,0,0,Luna,British Shorthair
CAT_00482,Female,3,3,7,7,7,7,2,4,4,3,1,0,0,Gracie,Ragdoll
CAT_00483,Female,4,4,6,6,3,3,6,6,6,4,1,0,0,Whiskers,Maine Coon
CAT_00484,Female,4,5,6,5,4,5,5,4,4,4,1,0,0,Cleo,Ocicat
CAT_00485,Male,2,6,7,4,5,7,5,4,4,5,0,1,0,Blaze,Abyssinian
CAT_00486,Male,3,4,6,5,5,5,6,5,5,4,0,1,0,Jasper,Bengal
CAT_00487,Male,3,6,7,6,7,7,5,4,4,1,0,1,0,Hunter,Siberian
CAT_00488,Female,2,6,6,4,5,7,4,4,4,3,1,0,0,Dakota,Savannah
CAT_00489,Male,5,5,4,3,3,3,5,4,5,3,0,1,0,Onyx,Russian Blue
CAT_00490,Male,3,4,2,6,5,3,6,5,6,2,0,1,0,Buster,Norwegian Forest Cat
CAT_00491,Female,3,5,6,5,6,4,4,4,4,5,1,0,0,Luna,Abyssinian
CAT_00492,Male,2,6,7,6,6,7,5,5,4,5,0,1,0,Jasper,Bengal
CAT_00493,Male,3,4,6,6,4,5,5,4,6,5,0,1,0,Finn,Abyssinian
CAT_00494,Male,3,6,7,6,7,7,4,4,4,1,0,1,0,Maverick,Ocicat
CAT_00495,Male,5,5,4,4,1,5,6,3,4,2,0,1,0,Loki,Devon Rex
CAT_00496,Female,1,7,7,6,5,7,6,6,4,5,1,0,0,Astrid,Abyssinian
CAT_00497,Female,3,4,6,4,4,2,5,3,4,6,1,0,0,Piper,British Longhair
CAT_00498,Male,7,5,4,4,4,6,4,3,4,2,0,1,0,Onyx,Korat
CAT_00499,Female,4,4,6,6,6,6,4,5,3,2,1,0,0,Willow,Russian Blue
CAT_00500,Female,4,4,2,4,2,4,4,4,4,3,1,0,0,Sable,Nebelung
CAT_00501,Unknown,3,4,2,4,3,7,4,4,5,5,0,0,1,Zorro,Domestic Shorthair
CAT_00502,Male,1,4,6,7,6,5,4,7,4,3,0,1,0,Max,British Shorthair
CAT_00503,Female,7,5,1,2,1,7,2,1,6,5,1,0,0,Onyx,Sphynx
CAT_00504,Male,2,3,6,7,5,1,6,6,6,3,0,1,0,Jasper,Ragdoll
CAT_00505,Female,3,6,6,3,1,7,4,2,7,6,1,0,0,Luna,Abyssinian
CAT_00506,Male,2,4,7,6,5,2,6,6,4,4,0,1,0,Leo,Maine Coon
CAT_00507,Female,1,5,6,6,7,5,6,6,5,4,1,0,0,Daisy,Oriental Shorthair
CAT_00508,Male,3,5,4,4,1,7,4,4,4,5,0,1,0,Rocky,Norwegian Forest Cat
CAT_00509,Male,3,4,6,6,6,7,6,5,4,3,0,1,0,Hunter,American Bobtail
CAT_00510,Female,2,4,5,5,2,6,5,5,4,4,1,0,0,Whiskers,Birman
CAT_00511,Male,6,3,4,4,3,5,4,4,6,4,0,1,0,Buster,British Shorthair
CAT_00512,Female,2,5,6,5,1,3,6,5,6,3,1,0,0,Luna,Abyssinian
CAT_00513,Female,1,5,6,6,4,7,4,3,4,7,1,0,0,Aria,Siamese
CAT_00514,Male,4,4,7,6,7,1,4,6,4,1,0,1,0,Jasper,Ragdoll
CAT_00515,Male,1,4,7,7,7,7,6,7,4,1,0,1,0,Atticus,Maine Coon
CAT_00516,Male,3,4,6,4,5,7,6,4,6,5,0,1,0,Kai,Korat
CAT_00517,Female,2,5,6,6,5,5,6,5,6,2,1,0,0,Lila,Burmese
CAT_00518,Female,2,5,6,4,3,6,5,4,4,5,1,0,0,Piper,Russian Blue
CAT_00519,Male,3,2,4,6,4,5,2,3,7,1,0,1,0,Mochi,Norwegian Forest Cat
CAT_00520,Female,5,5,2,4,2,2,4,2,6,2,1,0,0,Onyx,Sphynx
CAT_00521,Male,1,2,7,7,6,7,1,4,3,1,0,1,0,Boris,British Shorthair
CAT_00522,Female,6,3,4,2,1,7,6,4,2,6,1,0,0,Onyx,Abyssinian
CAT_00523,Female,2,5,6,4,1,7,6,4,4,7,1,0,0,Luna,Maine Coon
CAT_00524,Male,2,3,3,4,2,2,5,4,6,5,0,1,0,Jasper,Russian Blue
CAT_00525,Female,1,7,5,4,2,7,4,3,4,6,1,0,0,Zara,Savannah
CAT_00526,Female,5,5,3,5,3,2,4,4,4,2,1,0,0,Lola,Ocicat
CAT_00527,Male,2,5,7,7,4,7,2,5,6,4,0,1,0,Simba,Ragdoll
CAT_00528,Male,2,4,6,6,5,6,6,6,6,4,0,1,0,Finn,Norwegian Forest Cat
CAT_00529,Male,4,5,4,5,5,5,6,4,6,2,0,1,0,Rocky,American Bobtail
CAT_00530,Male,4,3,3,4,2,3,2,4,6,4,0,1,0,Thane,British Longhair
CAT_00531,Male,2,5,7,6,4,6,6,6,4,2,0,1,0,Baxter,Abyssinian
CAT_00532,Male,2,5,6,6,3,5,4,4,4,4,0,1,0,Jasper,British Shorthair
CAT_00533,Female,6,3,4,2,1,6,4,2,5,4,1,0,0,Onyx,Sphynx
CAT_00534,Female,3,6,6,4,3,5,3,3,3,5,1,0,0,Luna,Ocicat
CAT_00535,Male,1,7,4,2,5,6,2,2,4,6,0,1,0,Zephyr,Abyssinian
CAT_00536,Female,1,3,7,7,5,2,4,6,4,2,1,0,0,Willow,Ragdoll
CAT_00537,Female,7,2,2,5,2,6,4,4,6,2,1,0,0,Sable,Nebelung
CAT_00538,Male,5,7,7,4,4,7,5,4,4,5,0,1,0,Blaze,Bengal
CAT_00539,Female,4,6,4,6,6,1,4,3,6,1,1,0,0,Lola,Exotic Shorthair
CAT_00540,Female,4,4,2,4,4,6,5,4,5,4,1,0,0,Raven,Russian Blue
CAT_00541,Female,2,2,7,6,2,5,4,4,4,3,1,0,0,Luna,British Shorthair
CAT_00542,Male,4,4,2,2,2,2,4,2,6,6,0,1,0,Brutus,American Bobtail
CAT_00543,Male,5,5,5,4,6,4,7,4,4,1,0,1,0,Jasper,Abyssinian
CAT_00544,Male,1,5,7,7,7,7,6,6,4,3,0,1,0,Simba,Ragdoll
CAT_00545,Female,4,5,6,6,6,5,5,6,4,2,1,0,0,Willow,Maine Coon
CAT_00546,Male,4,4,5,6,5,3,4,4,4,1,0,1,0,Finn,British Longhair
CAT_00547,Male,4,6,4,2,3,3,5,3,4,4,0,1,0,Zeus,Siberian
CAT_00548,Male,1,4,6,6,5,7,6,6,6,5,0,1,0,Maximus,Norwegian Forest Cat
CAT_00549,Female,6,5,2,4,4,6,4,4,2,4,1,0,0,Onyx,Sphynx
CAT_00550,Male,4,6,6,6,5,7,6,6,4,2,0,1,0,Hunter,Bengal
CAT_00551,Female,4,4,6,6,1,2,4,4,4,1,1,0,0,Luna,British Shorthair
CAT_00552,Female,2,4,7,4,1,5,4,4,4,7,1,0,0,Dakota,Siamese
CAT_00553,Female,6,4,3,2,1,6,4,3,5,5,1,0,0,Onyx,Abyssinian
CAT_00554,Male,2,3,6,4,5,7,5,5,3,5,0,1,0,Jasper,Ragdoll
CAT_00555,Male,3,5,6,6,7,7,6,6,4,4,0,1,0,Rocky,Bengal
CAT_00556,Male,4,6,3,6,5,7,4,5,4,4,0,1,0,Thane,Ocicat
CAT_00557,Male,1,5,7,6,7,5,6,6,7,1,0,1,0,Atticus,Savannah
CAT_00558,Female,3,5,5,4,4,7,5,4,6,4,1,0,0,Zara,Oriental Shorthair
CAT_00559,Female,4,6,5,4,5,6,6,4,4,2,1,0,0,Akira,Norwegian Forest Cat
CAT_00560,Male,2,5,6,6,3,5,6,6,5,5,0,1,0,Hunter,Maine Coon
CAT_00561,Female,2,4,6,6,3,2,6,6,5,2,1,0,0,Luna,British Longhair
CAT_00562,Male,6,4,4,4,5,7,5,3,6,6,0,1,0,Brutus,Abyssinian
CAT_00563,Male,4,4,6,5,6,4,4,4,4,3,0,1,0,Jasper,Maine Coon
CAT_00564,Male,1,5,6,4,5,1,6,6,4,5,0,1,0,Apollo,Siamese
CAT_00565,Female,3,5,6,6,4,5,4,3,4,3,1,0,0,Cleo,Balinese
CAT_00566,Female,3,6,7,6,6,6,5,4,6,3,1,0,0,Aurora,Ragdoll
CAT_00567,Male,2,3,6,4,3,7,2,4,2,5,0,1,0,Baron,Norwegian Forest Cat
CAT_00568,Male,2,5,7,6,4,6,6,6,5,2,0,1,0,Zephyr,Bengal
CAT_00569,Male,4,4,6,4,5,7,6,4,5,3,0,1,0,Maverick,Russian Blue
CAT_00570,Male,6,6,3,4,3,3,3,2,4,6,0,1,0,Thane,Savannah
CAT_00571,Female,3,5,6,6,1,4,4,4,4,5,1,0,0,Luna,Oriental Shorthair
CAT_00572,Male,7,6,2,3,6,7,4,2,4,5,0,1,0,Brutus,British Shorthair
CAT_00573,Male,2,4,6,4,5,4,6,6,5,3,0,1,0,Finn,Maine Coon
CAT_00574,Female,1,5,6,6,5,6,6,6,4,2,1,0,0,Daisy,Ragdoll
CAT_00575,Female,2,2,5,5,3,4,4,4,6,3,1,0,0,Mochi,British Longhair
CAT_00576,Female,3,4,6,6,1,5,6,4,6,5,1,0,0,Willow,Siberian
CAT_00577,Female,4,5,5,4,5,4,6,4,6,1,1,0,0,Piper,Abyssinian
CAT_00578,Female,2,3,7,6,1,6,6,5,5,6,1,0,0,Cleo,Persian
CAT_00579,Male,6,4,2,3,1,5,5,4,5,3,0,1,0,Scorch,American Bobtail
CAT_00580,Female,2,5,6,4,1,6,5,4,3,5,1,0,0,Whiskers,Norwegian Forest Cat
CAT_00581,Female,6,4,6,4,4,5,5,4,4,3,1,0,0,Luna,Abyssinian
CAT_00582,Unknown,2,3,4,5,3,2,4,4,6,6,0,0,1,Mellow,British Shorthair
CAT_00583,Female,4,6,1,6,2,7,5,4,6,4,1,0,0,Onyx,Siamese
CAT_00584,Male,6,6,4,6,7,1,7,6,2,3,0,1,0,Jasper,Maine Coon
CAT_00585,Female,4,5,6,4,3,5,6,4,5,1,1,0,0,Akira,Balinese
CAT_00586,Female,4,4,2,2,2,2,4,2,6,3,1,0,0,Pixie,Korat
CAT_00587,Female,4,4,4,5,4,6,4,4,5,4,1,0,0,Whiskers,Russian Blue
CAT_00588,Female,4,4,6,4,4,3,6,4,4,1,1,0,0,Cleo,Norwegian Forest Cat
CAT_00589,Male,3,5,4,6,2,7,4,4,4,6,0,1,0,Thane,American Bobtail
CAT_00590,Female,5,2,5,6,2,2,3,4,6,3,1,0,0,Lola,Birman
CAT_00591,Female,2,5,5,6,3,6,6,6,6,3,1,0,0,Luna,British Shorthair
CAT_00592,Female,5,4,4,3,3,3,5,4,4,3,1,0,0,Whiskers,Birman
CAT_00593,Male,2,4,7,4,4,7,4,4,4,4,0,1,0,Simba,Ragdoll
CAT_00594,Female,4,4,5,6,5,6,6,6,5,2,1,0,0,Cinnamon,Maine Coon
CAT_00595,Male,2,4,6,6,3,5,5,6,4,5,0,1,0,Jasper,Norwegian Forest Cat
CAT_00596,Unknown,4,4,4,2,3,6,4,2,5,4,0,0,1,Onyx,Devon Rex
CAT_00597,Female,2,3,6,6,6,6,4,4,4,1,1,0,0,Daisy,British Longhair
CAT_00598,Male,2,3,2,6,2,2,6,6,6,5,0,1,0,Thane,American Bobtail
CAT_00599,Female,4,5,6,5,4,5,7,5,7,2,1,0,0,Nova,Siamese
CAT_00600,Female,6,4,6,3,4,6,4,3,4,3,1,0,0,Raven,Ocicat
CAT_00601,Female,3,5,4,3,2,1,4,2,6,2,1,0,0,Luna,British Shorthair
CAT_00602,Female,4,3,4,4,1,1,4,4,5,2,1,0,0,Daphne,Birman
CAT_00603,Male,2,4,6,6,1,7,5,6,4,6,0,1,0,Maximus,Maine Coon
CAT_00604,Female,6,5,4,3,2,7,4,2,4,5,1,0,0,Onyx,Abyssinian
CAT_00605,Female,2,4,5,5,4,5,4,4,4,2,1,0,0,Lola,Ragdoll
CAT_00606,Male,1,4,6,5,4,6,6,6,4,5,0,1,0,Apollo,Norwegian Forest Cat
CAT_00607,Male,2,6,6,6,6,7,4,4,6,3,0,1,0,Blaze,Bengal
CAT_00608,Female,7,1,3,1,4,5,5,4,4,1,1,0,0,Whiskers,Sphynx
CAT_00609,Female,1,5,6,6,1,7,4,4,4,6,1,0,0,Cleo,Savannah
CAT_00610,Female,2,4,6,6,6,5,6,6,6,1,1,0,0,Astrid,Siberian
CAT_00611,Male,4,5,6,4,5,6,4,2,3,5,0,1,0,Rufus,Abyssinian
CAT_00612,Female,2,5,7,6,4,5,4,5,2,1,1,0,0,Luna,Balinese
CAT_00613,Male,4,5,5,4,4,5,4,4,5,5,0,1,0,Jasper,Abyssinian
CAT_00614,Female,5,5,4,4,3,7,4,3,6,5,1,0,0,Whiskers,Siamese
CAT_00615,Female,1,3,7,7,4,7,6,6,4,6,1,0,0,Gracie,Ragdoll
CAT_00616,Female,5,6,4,2,1,7,6,4,6,2,1,0,0,Onyx,Ocicat
CAT_00617,Male,2,6,6,4,4,7,4,4,5,5,0,1,0,Thane,Abyssinian
CAT_00618,Female,7,5,6,4,2,5,6,4,4,2,1,0,0,Nova,British Shorthair
CAT_00619,Female,5,4,3,2,6,4,4,2,6,4,1,0,0,Raven,Maine Coon
CAT_00620,Female,3,6,7,5,3,4,6,5,2,1,1,0,0,Astrid,Norwegian Forest Cat
CAT_00621,Male,2,6,7,4,4,7,6,4,4,5,0,1,0,Rufus,Abyssinian
CAT_00622,Female,2,5,7,6,6,7,6,6,4,3,1,0,0,Luna,Balinese
CAT_00623,Female,2,6,7,4,6,5,6,4,4,2,1,0,0,Piper,Abyssinian
CAT_00624,Female,4,2,4,4,1,7,4,4,6,5,1,0,0,Sassy,Persian
CAT_00625,Male,1,6,7,7,7,5,7,7,4,1,0,1,0,Max,Maine Coon
CAT_00626,Female,5,5,4,3,2,5,4,1,6,3,1,0,0,Onyx,Sphynx
CAT_00627,Male,5,3,4,4,5,6,4,4,5,3,0,1,0,Jasper,British Shorthair
CAT_00628,Female,2,4,6,5,5,4,5,5,4,1,1,0,0,Willow,Norwegian Forest Cat
CAT_00629,Male,2,4,6,6,5,4,4,5,4,2,0,1,0,Finn,Siberian
CAT_00630,Female,2,4,6,6,6,4,6,6,4,3,1,0,0,Daisy,Ragdoll
CAT_00631,Female,3,4,4,4,5,6,4,3,3,2,1,0,0,Luna,Abyssinian
CAT_00632,Female,2,5,6,6,5,3,6,6,4,5,1,0,0,Daisy,Birman
CAT_00633,Female,4,4,2,5,1,5,5,5,4,5,1,0,0,Sassy,Sphynx
CAT_00634,Female,4,5,4,4,5,6,2,2,3,3,1,0,0,Whiskers,Ocicat
CAT_00635,Male,4,5,5,4,5,7,6,5,4,5,0,1,0,Jasper,Savannah
CAT_00636,Male,4,5,6,4,5,5,6,4,4,2,0,1,0,Leo,Bengal
CAT_00637,Female,6,6,5,2,3,1,6,4,4,6,1,0,0,Onyx,Abyssinian
CAT_00638,Female,4,6,7,6,6,7,7,6,4,3,1,0,0,Astrid,Ragdoll
CAT_00639,Female,4,4,4,2,2,6,4,2,4,6,1,0,0,Pixie,Norwegian Forest Cat
CAT_00640,Male,5,5,2,4,3,2,6,4,6,4,0,1,0,Thane,Maine Coon
CAT_00641,Female,2,4,7,6,3,2,5,6,4,3,1,0,0,Luna,Oriental Shorthair
CAT_00642,Female,2,4,7,6,5,2,6,6,4,2,1,0,0,Akira,Balinese
CAT_00643,Male,2,6,6,4,5,7,2,5,4,4,0,1,0,Jasper,Abyssinian
CAT_00644,Male,4,4,4,6,3,1,4,4,5,2,0,1,0,Miko,British Shorthair
CAT_00645,Male,3,5,6,6,6,6,6,6,5,2,0,1,0,Onyx,Maine Coon
CAT_00646,Male,4,4,2,4,2,5,4,4,5,6,0,1,0,Thane,Sphynx
CAT_00647,Female,6,4,6,4,3,6,4,2,4,1,1,0,0,Zelda,Siamese
CAT_00648,Male,2,3,6,7,6,6,6,7,4,2,0,1,0,Finn,Ragdoll
CAT_00649,Male,5,6,6,4,6,6,4,4,4,3,0,1,0,Riot,Bengal
CAT_00650,Male,2,3,4,4,4,3,4,4,4,6,0,1,0,Gatsby,Russian Blue
CAT_00651,Female,5,3,6,6,5,6,5,6,6,3,1,0,0,Luna,British Longhair
CAT_00652,Female,5,4,5,3,2,5,6,4,4,4,1,0,0,Akira,Korat
CAT_00653,Male,4,4,4,2,1,5,4,2,6,7,0,1,0,Kaiser,Sphynx
CAT_00654,Female,5,4,6,6,1,6,6,6,6,1,1,0,0,Cleo,Ragdoll
CAT_00655,Male,1,2,7,7,7,5,7,7,6,2,0,1,0,Mellow,Maine Coon
CAT_00656,Male,5,3,6,4,5,6,2,2,5,6,0,1,0,Brutus,British Shorthair
CAT_00657,Male,5,4,2,2,1,4,3,2,4,4,0,1,0,Ranger,Abyssinian
CAT_00658,Male,2,5,7,6,7,7,6,6,4,2,0,1,0,Jager,Siamese
CAT_00659,Female,2,5,7,6,2,6,6,6,4,5,1,0,0,Onyx,Oriental Shorthair
CAT_00660,Female,7,5,7,4,2,5,4,4,4,2,1,0,0,Zephyr,Norwegian Forest Cat
CAT_00661,Female,4,7,7,4,5,7,4,6,4,5,1,0,0,Luna,Abyssinian
CAT_00662,Female,3,6,6,5,1,7,6,4,6,7,1,0,0,Akira,Korat
CAT_00663,Male,2,5,6,5,5,5,6,5,6,4,0,1,0,Jasper,British Shorthair
CAT_00664,Female,2,4,6,6,3,6,6,5,4,2,1,0,0,Daisy,Ragdoll
CAT_00665,Female,3,6,5,6,6,6,4,4,6,1,1,0,0,Lola,Maine Coon
CAT_00666,Female,2,5,2,4,1,4,4,2,6,4,1,0,0,Sable,Sphynx
CAT_00667,Male,2,5,6,6,7,6,4,6,4,1,0,1,0,Finn,Siberian
CAT_00668,Male,2,4,6,6,4,2,4,4,4,2,0,1,0,Mochi,Norwegian Forest Cat
CAT_00669,Male,1,5,7,7,5,7,7,7,4,4,0,1,0,Maximilian,Persian
CAT_00670,Female,2,5,5,6,5,7,6,5,4,2,1,0,0,Whiskers,Tonkinese
CAT_00671,Unknown,2,4,6,6,4,3,6,6,4,2,0,0,1,Misty,British Longhair
CAT_00672,Male,3,2,6,6,6,4,6,6,2,1,0,1,0,Gizmo,Ragdoll
CAT_00673,Male,1,2,6,7,4,7,6,6,4,1,0,1,0,Maxim,Maine Coon
CAT_00674,Female,3,7,7,4,7,7,2,2,4,2,1,0,0,Zephyr,Abyssinian
CAT_00675,Female,6,4,2,2,1,2,4,2,6,2,1,0,0,Onyx,Sphynx
CAT_00676,Male,1,3,4,6,1,6,6,6,6,7,0,1,0,Kaiser,Savannah
CAT_00677,Male,6,5,3,4,3,5,6,4,6,4,0,1,0,Ripley,Ocicat
CAT_00678,Female,7,6,4,2,2,7,3,2,2,4,1,0,0,Vixen,Russian Blue
CAT_00679,Female,4,3,6,4,1,5,4,4,4,4,1,0,0,Lyra,Siamese
CAT_00680,Female,3,7,6,4,6,7,6,4,4,2,1,0,0,Astra,Norwegian Forest Cat
CAT_00681,Male,2,5,6,4,3,4,5,4,4,7,0,1,0,Ranger,Abyssinian
CAT_00682,Male,7,6,7,5,7,7,6,5,2,1,0,1,0,Brutus,British Shorthair
CAT_00683,Female,2,4,7,7,4,4,6,6,6,6,1,0,0,Luna,Ragdoll
CAT_00684,Male,2,5,7,7,7,6,7,7,6,1,0,1,0,Apollo,Bengal
CAT_00685,Male,3,3,6,4,3,7,4,4,4,5,0,1,0,Boris,Korat
CAT_00686,Female,2,5,6,6,5,3,6,6,5,2,1,0,0,Willow,Norwegian Forest Cat
CAT_00687,Male,5,6,6,5,6,5,6,5,5,1,0,1,0,Jasper,American Bobtail
CAT_00688,Female,5,5,6,4,7,6,4,2,6,7,1,0,0,Onyx,Sphynx
CAT_00689,Male,3,4,7,7,1,6,6,6,7,2,0,1,0,Maverick,Maine Coon
CAT_00690,Male,2,4,7,6,4,4,4,6,4,5,0,1,0,Finn,Russian Blue
CAT_00691,Male,7,5,3,4,2,5,6,4,4,1,0,1,0,Boris,Abyssinian
CAT_00692,Male,6,6,3,2,4,7,4,2,4,5,0,1,0,Jasper,Korat
CAT_00693,Female,5,5,6,5,4,5,2,4,4,4,1,0,0,Luna,Ragdoll
CAT_00694,Female,5,4,2,4,4,7,6,5,4,3,1,0,0,Piper,Siberian
CAT_00695,Female,2,3,7,6,4,2,3,4,4,2,1,0,0,Daisy,British Shorthair
CAT_00696,Male,3,4,6,5,5,6,4,4,5,5,0,1,0,Finn,Maine Coon
CAT_00697,Female,5,4,5,6,4,3,5,5,5,2,1,0,0,Whiskers,Ocicat
CAT_00698,Female,4,4,4,3,4,6,4,2,6,5,1,0,0,Cleo,Siamese
CAT_00699,Male,3,5,5,5,5,7,4,3,6,2,0,1,0,Thane,Savannah
CAT_00700,Female,5,5,6,4,5,5,6,4,4,3,1,0,0,Ophelia,Norwegian Forest Cat
CAT_00701,Female,3,6,6,4,6,7,4,4,3,2,1,0,0,Luna,Abyssinian
CAT_00702,Female,4,3,4,5,2,1,6,5,2,1,1,0,0,Gracie,British Longhair
CAT_00703,Female,3,6,6,5,5,7,6,5,2,1,1,0,0,Zephyr,Abyssinian
CAT_00704,Female,1,2,7,7,7,7,7,7,4,1,1,0,0,Harmony,Ragdoll
CAT_00705,Female,1,4,5,5,6,6,6,4,4,1,1,0,0,Willow,Norwegian Forest Cat
CAT_00706,Male,2,4,6,4,5,6,4,4,3,5,0,1,0,Jasper,American Bobtail
CAT_00707,Male,4,4,4,2,1,5,4,4,2,7,0,1,0,Thane,Korat
CAT_00708,Male,5,5,2,2,4,6,4,2,4,3,0,1,0,Ranger,Abyssinian
CAT_00709,Female,6,4,5,6,2,6,6,6,2,1,1,0,0,Onyx,Siberian
CAT_00710,Female,4,6,7,5,1,7,6,5,4,6,1,0,0,Nova,Siamese
CAT_00711,Male,6,4,4,4,6,5,6,4,4,3,0,1,0,Orion,Abyssinian
CAT_00712,Male,3,6,6,6,5,7,6,5,6,2,0,1,0,Jasper,Abyssinian
CAT_00713,Female,2,5,7,7,7,4,6,7,5,1,1,0,0,Luna,Ragdoll
CAT_00714,Female,2,3,7,7,7,2,6,6,5,1,1,0,0,Mochi,Birman
CAT_00715,Female,2,5,7,5,5,1,4,4,4,3,1,0,0,Onyx,Korat
CAT_00716,Male,3,6,3,2,2,6,2,3,6,2,0,1,0,Rocky,Savannah
CAT_00717,Male,3,5,6,7,7,7,7,7,4,1,0,1,0,Zephyr,Siamese
CAT_00718,Male,6,3,6,7,4,3,6,6,5,1,0,1,0,Caspian,Norwegian Forest Cat
CAT_00719,Male,1,7,7,7,4,7,6,6,6,7,0,1,0,Blaze,Egyptian Mau
CAT_00720,Male,1,6,7,6,7,7,6,5,4,2,0,1,0,Thane,Maine Coon
CAT_00721,Female,5,5,6,4,6,5,4,2,4,2,1,0,0,Luna,British Shorthair
CAT_00722,Male,1,4,6,6,2,6,6,6,6,6,0,1,0,Maximus,Abyssinian
CAT_00723,Female,4,4,5,2,1,5,2,2,4,7,1,0,0,Onyx,Sphynx
CAT_00724,Female,2,4,6,7,6,1,4,6,4,1,1,0,0,Gracie,Ragdoll
CAT_00725,Male,2,3,6,6,4,2,6,6,7,3,0,1,0,Jasper,Maine Coon
CAT_00726,Female,2,5,6,4,2,4,3,4,3,6,1,0,0,Akira,Ocicat
CAT_00727,Female,6,4,5,6,2,6,4,4,4,1,1,0,0,Sassy,Scottish Fold
CAT_00728,Female,2,3,6,6,1,7,6,6,6,7,1,0,0,Vixen,Siamese
CAT_00729,Male,1,5,6,7,5,6,4,4,4,6,0,1,0,Hunter,Savannah
CAT_00730,Female,6,4,6,4,1,5,6,4,6,1,1,0,0,Zelda,Norwegian Forest Cat
CAT_00731,Male,5,4,6,4,3,3,4,4,3,2,0,1,0,Boris,Abyssinian
CAT_00732,Female,4,6,6,4,1,7,4,2,4,6,1,0,0,Luna,Abyssinian
CAT_00733,Female,2,5,7,6,7,5,5,6,5,2,1,0,0,Gracie,Ragdoll
CAT_00734,Male,1,5,6,6,3,5,5,4,4,7,0,1,0,Maximus,British Shorthair
CAT_00735,Female,3,5,6,6,7,6,5,5,4,3,1,0,0,Willow,Maine Coon
CAT_00736,Male,2,6,7,6,4,7,6,6,4,3,0,1,0,Jasper,Bengal
CAT_00737,Female,7,1,1,1,1,7,4,4,4,1,1,0,0,Sassy,Sphynx
CAT_00738,Female,5,6,4,6,5,5,4,4,4,2,1,0,0,Dakota,Ocicat
CAT_00739,Male,2,5,6,6,5,6,6,6,4,2,0,1,0,Hunter,Norwegian Forest Cat
CAT_00740,Male,2,5,6,6,4,6,4,4,4,2,0,1,0,Finn,Siberian
CAT_00741,Female,6,3,5,2,1,1,2,2,4,7,1,0,0,Luna,Abyssinian
CAT_00742,Male,7,6,4,3,2,1,4,4,4,4,0,1,0,Jasper,Korat
CAT_00743,Female,3,4,2,6,4,7,4,4,7,3,1,0,0,Daisy,British Longhair
CAT_00744,Female,6,5,2,2,2,7,4,2,6,7,1,0,0,Onyx,Sphynx
CAT_00745,Male,3,6,7,5,6,7,4,6,4,3,0,1,0,Simba,Abyssinian
CAT_00746,Female,4,4,4,3,3,3,5,4,4,3,1,0,0,Lola,Ragdoll
CAT_00747,Female,4,4,6,4,4,7,5,4,4,2,1,0,0,Cleo,Siamese
CAT_00748,Male,4,6,6,2,3,7,4,3,2,3,0,1,0,Thane,Ocicat
CAT_00749,Female,5,4,6,6,3,3,7,6,5,3,1,0,0,Akira,Maine Coon
CAT_00750,Male,1,4,6,4,5,6,2,4,4,6,0,1,0,Finn,British Shorthair
CAT_00751,Male,7,5,5,2,7,1,4,2,5,1,0,1,0,Brock,Abyssinian
CAT_00752,Female,3,3,6,2,3,7,6,4,7,5,1,0,0,Luna,British Longhair
CAT_00753,Male,2,5,6,6,7,7,5,5,4,1,0,1,0,Jasper,Maine Coon
CAT_00754,Male,5,4,4,4,4,7,5,4,3,3,0,1,0,Thane,Russian Blue
CAT_00755,Male,4,5,6,6,6,6,4,6,6,4,0,1,0,Hunter,Norwegian Forest Cat
CAT_00756,Female,4,3,2,4,3,6,4,3,6,2,1,0,0,Sable,Chartreux
CAT_00757,Male,4,4,4,6,6,7,6,6,6,2,0,1,0,Apollo,Ocicat
CAT_00758,Female,5,5,4,3,2,6,4,2,4,3,1,0,0,Onyx,Bengal
CAT_00759,Male,2,4,7,6,3,7,7,6,6,5,0,1,0,Maverick,Siberian
CAT_00760,Female,2,5,5,6,6,6,6,6,6,3,1,0,0,Willow,Ragdoll
CAT_00761,Female,4,6,6,4,6,2,7,4,2,3,1,0,0,Luna,Abyssinian
CAT_00762,Male,2,5,7,6,7,6,6,6,4,3,0,1,0,Jasper,British Shorthair
CAT_00763,Female,3,4,7,4,6,1,3,3,2,3,1,0,0,Mochi,Ragdoll
CAT_00764,Female,6,5,6,4,7,7,5,4,4,1,1,0,0,Sassy,Siamese
CAT_00765,Female,1,5,7,7,6,6,6,7,4,1,1,0,0,Duchess,Maine Coon
CAT_00766,Female,5,5,5,5,5,5,6,4,4,3,1,0,0,Pixie,Domestic Shorthair
CAT_00767,Female,3,3,6,6,5,3,4,4,4,1,1,0,0,Whiskers,Siberian
CAT_00768,Female,1,4,7,6,6,7,4,5,5,4,1,0,0,Calliope,Oriental Shorthair
CAT_00769,Female,1,5,6,5,2,1,4,3,4,2,1,0,0,Onyx,Korat
CAT_00770,Female,3,5,7,6,1,7,6,6,4,4,1,0,0,Zelda,Norwegian Forest Cat
CAT_00771,Male,4,6,7,6,6,7,6,5,4,3,0,1,0,Rufus,Abyssinian
CAT_00772,Unknown,1,7,7,5,6,7,6,4,4,4,0,0,1,Zoom,Abyssinian
CAT_00773,Male,2,5,5,5,6,6,6,4,6,3,0,1,0,Jasper,British Shorthair
CAT_00774,Female,6,7,6,3,7,7,4,2,4,1,1,0,0,Onyx,Siamese
CAT_00775,Male,2,5,5,4,2,4,6,4,4,5,0,1,0,Brutus,Maine Coon
CAT_00776,Female,2,3,7,6,1,7,5,6,2,3,1,0,0,Luna,Ragdoll
CAT_00777,Female,4,5,6,4,3,5,6,4,4,6,1,0,0,Whiskers,Norwegian Forest Cat
CAT_00778,Female,3,5,4,4,2,2,5,4,5,2,1,0,0,Pixie,Korat
CAT_00779,Female,2,4,7,5,4,5,4,5,2,4,1,0,0,Cleo,Persian
CAT_00780,Female,3,4,6,4,2,4,6,4,4,4,1,0,0,Lola,Russian Blue
CAT_00781,Female,4,3,2,6,2,6,4,4,6,1,1,0,0,Luna,Domestic Shorthair
CAT_00782,Male,4,3,5,6,5,2,4,4,3,3,0,1,0,Jasper,British Shorthair
CAT_00783,Female,1,7,7,7,6,5,7,7,6,3,1,0,0,Dakota,Abyssinian
CAT_00784,Female,4,4,6,4,5,6,4,3,6,4,1,0,0,Willow,British Longhair
CAT_00785,Female,5,7,5,3,1,7,5,4,4,6,1,0,0,Onyx,Sphynx
CAT_00786,Female,2,5,5,4,5,6,5,5,6,5,1,0,0,Lola,Devon Rex
CAT_00787,Male,5,5,6,4,3,7,4,4,4,3,0,1,0,Thane,Maine Coon
CAT_00788,Male,4,6,4,5,3,7,6,6,6,6,0,1,0,Maverick,Korat
CAT_00789,Unknown,4,4,4,6,5,6,5,6,6,2,0,0,1,Mocha,Norwegian Forest Cat
CAT_00790,Male,5,3,4,2,1,7,4,2,6,7,0,1,0,Gatsby,Russian Blue
CAT_00791,Female,6,3,4,2,3,1,4,3,2,3,1,0,0,Luna,British Shorthair
CAT_00792,Male,3,4,5,4,2,2,4,2,6,4,0,1,0,Jasper,Abyssinian
CAT_00793,Male,4,3,6,4,2,2,4,4,6,5,0,1,0,Gatsby,Ragdoll
CAT_00794,Female,4,2,7,7,1,5,6,7,4,1,1,0,0,Sweetie,Persian
CAT_00795,Female,6,4,4,2,2,1,6,4,2,1,1,0,0,Pixie,Russian Blue
CAT_00796,Male,1,4,7,6,4,7,4,6,4,4,0,1,0,Maximus,Maine Coon
CAT_00797,Male,4,5,3,4,4,6,5,4,5,4,0,1,0,Blaze,Bengal
CAT_00798,Male,4,5,4,5,3,3,5,5,4,3,0,1,0,Thane,Savannah
CAT_00799,Female,6,3,6,5,3,4,4,4,4,1,1,0,0,Ophelia,Norwegian Forest Cat
CAT_00800,Male,1,7,6,6,4,7,5,5,4,4,0,1,0,Zephyr,Egyptian Mau
CAT_00801,Male,4,3,4,3,4,6,5,4,4,3,0,1,0,Onyx,Abyssinian
CAT_00802,Male,1,6,7,6,6,6,6,6,4,1,0,1,0,Jasper,Abyssinian
CAT_00803,Female,2,5,5,6,3,2,6,6,4,3,1,0,0,Luna,British Longhair
CAT_00804,Male,2,2,7,7,2,2,6,7,6,3,0,1,0,Mochi,Ragdoll
CAT_00805,Female,4,5,6,6,6,6,6,5,2,2,1,0,0,Whiskers,Tonkinese
CAT_00806,Female,6,6,2,2,2,6,6,4,6,5,1,0,0,Raven,Sphynx
CAT_00807,Male,1,3,6,6,6,5,2,5,6,4,0,1,0,Simba,Norwegian Forest Cat
CAT_00808,Male,7,2,6,4,6,7,6,4,5,1,0,1,0,Loki,Siberian
CAT_00809,Female,3,4,6,4,2,7,6,5,6,5,1,0,0,Piper,Egyptian Mau
CAT_00810,Male,1,4,7,6,5,5,4,6,4,6,0,1,0,Atlas,Maine Coon
CAT_00811,Male,1,4,7,7,7,5,6,6,6,1,0,1,0,Misty,British Shorthair
CAT_00812,Male,2,5,6,4,4,1,4,4,4,5,0,1,0,Brutus,American Bobtail
CAT_00813,Female,2,5,6,6,3,7,6,6,4,3,1,0,0,Sassy,Siamese
CAT_00814,Female,4,6,7,4,6,6,6,4,4,5,1,0,0,Luna,Norwegian Forest Cat
CAT_00815,Male,2,6,6,4,6,6,6,4,6,4,0,1,0,Jasper,Maine Coon
CAT_00816,Female,6,6,5,2,5,6,4,2,6,4,1,0,0,Onyx,Sphynx
CAT_00817,Male,6,4,2,4,6,6,4,2,4,3,0,1,0,Thane,Russian Blue
CAT_00818,Male,2,5,6,6,5,4,6,6,6,5,0,1,0,Maverick,Abyssinian
CAT_00819,Female,4,3,6,2,1,7,5,4,6,2,1,0,0,Whiskers,British Longhair
CAT_00820,Male,1,5,4,4,2,7,4,4,7,7,0,1,0,Blaze,Savannah
CAT_00821,Female,1,3,4,4,2,2,4,4,4,7,1,0,0,Luna,Oriental Shorthair
CAT_00822,Male,4,6,6,5,4,6,6,4,6,1,0,1,0,Rocky,Abyssinian
CAT_00823,Female,2,4,6,7,2,6,6,6,4,5,1,0,0,Daisy,Ragdoll
CAT_00824,Female,7,4,1,2,1,6,2,2,5,3,1,0,0,Onyx,Sphynx
CAT_00825,Female,5,5,4,4,4,1,2,2,4,4,1,0,0,Whiskers,Maine Coon
CAT_00826,Female,1,5,6,6,4,2,6,6,4,5,1,0,0,Cleo,Norwegian Forest Cat
CAT_00827,Female,5,4,3,4,2,7,4,2,6,7,1,0,0,Salem,Siamese
CAT_00828,Male,3,6,5,2,2,5,4,2,4,6,0,1,0,Jasper,Ocicat
CAT_00829,Male,2,4,7,6,6,7,6,6,5,3,0,1,0,Apollo,Bengal
CAT_00830,Female,3,4,6,7,1,7,7,7,4,1,1,0,0,Astrid,Persian
CAT_00831,Female,1,4,7,7,3,5,4,4,4,5,1,0,0,Luna,British Longhair
CAT_00832,Female,4,6,4,4,3,4,6,4,6,5,1,0,0,Blaze,Abyssinian
CAT_00833,Male,4,4,7,7,5,7,5,6,5,2,0,1,0,Maximilian,Ragdoll
CAT_00834,Female,5,7,6,2,2,7,6,3,3,3,1,0,0,Onyx,Ocicat
CAT_00835,Male,2,2,6,7,4,1,5,6,5,4,0,1,0,Chester,Maine Coon
CAT_00836,Female,3,3,4,3,2,7,5,4,6,5,1,0,0,Raven,British Shorthair
CAT_00837,Female,5,3,6,4,4,3,4,4,2,1,1,0,0,Lola,Siberian
CAT_00838,Female,1,1,7,7,4,1,4,7,6,1,1,0,0,Snowflake,Persian
CAT_00839,Male,1,6,6,6,6,6,6,6,5,3,0,1,0,Jasper,Bengal
CAT_00840,Male,1,5,7,6,7,3,6,6,4,3,0,1,0,Orion,Savannah
CAT_00841,Female,4,5,6,2,5,6,6,4,5,5,1,0,0,Luna,Abyssinian
CAT_00842,Male,4,5,4,5,5,6,6,4,5,3,0,1,0,Jasper,British Shorthair
CAT_00843,Male,6,5,3,2,3,5,4,4,4,4,0,1,0,Loki,Korat
CAT_00844,Male,4,5,6,6,4,6,6,6,5,4,0,1,0,Apollo,Ragdoll
CAT_00845,Female,4,4,6,5,3,4,4,5,4,3,1,0,0,Whiskers,Maine Coon
CAT_00846,Female,2,5,6,5,5,7,5,4,4,5,1,0,0,Cleo,Siamese
CAT_00847,Male,4,4,6,4,3,5,6,5,4,4,0,1,0,Simba,Norwegian Forest Cat
CAT_00848,Female,4,5,6,6,5,3,4,4,4,3,1,0,0,Muffin,British Longhair
CAT_00849,Male,7,6,5,2,2,3,3,1,2,2,0,1,0,Chaos,Savannah
CAT_00850,Female,1,4,7,5,2,7,6,6,6,4,1,0,0,Duchess,Persian
CAT_00851,Female,4,6,5,6,3,6,6,6,4,3,1,0,0,Luna,Abyssinian
CAT_00852,Male,1,4,7,4,3,7,4,2,6,6,0,1,0,Max,British Shorthair
CAT_00853,Male,2,5,5,4,1,6,4,5,6,7,0,1,0,Jasper,Bengal
CAT_00854,Female,7,4,4,4,5,6,6,4,6,2,1,0,0,Sassy,Russian Blue
CAT_00855,Male,2,5,7,6,4,7,5,5,4,5,0,1,0,Leo,Maine Coon
CAT_00856,Male,2,6,7,5,4,6,6,5,5,3,0,1,0,Felix,Abyssinian
CAT_00857,Female,5,5,6,5,5,7,4,4,4,1,1,0,0,Whiskers,Balinese
CAT_00858,Female,2,7,7,5,4,7,6,4,6,3,1,0,0,Zara,Javanese
CAT_00859,Male,2,5,4,2,3,7,6,4,6,5,0,1,0,Onyx,Korat
CAT_00860,Female,3,6,6,6,5,7,5,4,4,4,1,0,0,Cleo,Norwegian Forest Cat
CAT_00861,Male,2,5,6,6,5,7,6,6,5,2,0,1,0,Baxter,Abyssinian
CAT_00862,Female,4,6,6,2,3,6,5,2,2,5,1,0,0,Onyx,Birman
CAT_00863,Female,4,5,4,5,4,5,6,5,4,5,1,0,0,Luna,British Shorthair
CAT_00864,Male,2,4,6,5,4,5,5,4,4,5,0,1,0,Jasper,Maine Coon
CAT_00865,Female,6,5,4,2,2,6,4,2,4,2,1,0,0,Loki,Sphynx
CAT_00866,Male,2,4,6,5,2,5,5,4,4,3,0,1,0,Finn,Devon Rex
CAT_00867,Female,6,4,5,2,2,5,6,3,4,2,1,0,0,Raven,Ocicat
CAT_00868,Male,4,5,6,5,3,6,4,6,3,5,0,1,0,Gatsby,Russian Blue
CAT_00869,Female,2,3,5,7,4,2,5,6,6,2,1,0,0,Daisy,Norwegian Forest Cat
CAT_00870,Female,4,5,6,4,4,7,6,4,4,3,1,0,0,Cleo,Balinese
CAT_00871,Male,2,4,6,4,2,4,3,3,5,6,0,1,0,Brock,British Shorthair
CAT_00872,Male,1,5,7,7,7,6,6,6,6,2,0,1,0,Sunny,Siamese
CAT_00873,Female,4,3,3,4,1,1,6,5,5,1,1,0,0,Sassy,Cymric
CAT_00874,Male,2,2,5,6,2,2,6,6,6,3,0,1,0,Jasper,Ragdoll
CAT_00875,Female,3,4,5,4,2,6,4,4,6,5,1,0,0,Luna,Norwegian Forest Cat
CAT_00876,Male,4,6,6,4,7,5,6,4,4,2,0,1,0,Hunter,Abyssinian
CAT_00877,Male,3,3,6,5,4,4,4,4,4,3,0,1,0,Finn,Maine Coon
CAT_00878,Female,3,4,5,4,4,1,5,4,4,2,1,0,0,Piper,Singapura
CAT_00879,Male,6,4,5,4,3,5,5,4,4,2,0,1,0,Thane,Russian Blue
CAT_00880,Female,2,4,7,6,5,5,4,4,4,2,1,0,0,Lola,Burmese
CAT_00881,Male,2,4,6,6,5,5,5,6,6,2,0,1,0,Bruno,British Shorthair
CAT_00882,Female,5,5,3,4,7,5,4,3,5,3,1,0,0,Whiskers,Korat
CAT_00883,Female,5,6,5,4,1,3,5,3,6,5,1,0,0,Onyx,Abyssinian
CAT_00884,Male,5,5,6,4,4,7,5,4,3,6,0,1,0,Loki,Siamese
CAT_00885,Male,3,2,4,4,2,4,4,4,6,5,0,1,0,Miko,Maine Coon
CAT_00886,Male,4,5,2,5,5,6,6,5,6,6,0,1,0,Kaiser,Russian Blue
CAT_00887,Female,4,6,4,4,3,5,4,3,4,4,1,0,0,Zara,Oriental Shorthair
CAT_00888,Male,2,2,7,6,4,5,2,4,4,4,0,1,0,Jasper,Ragdoll
CAT_00889,Female,2,4,7,6,6,5,1,2,3,1,1,0,0,Luna,Persian
CAT_00890,Male,2,4,6,5,3,7,6,5,5,5,0,1,0,Thane,Norwegian Forest Cat
CAT_00891,Male,2,5,6,6,4,6,7,6,4,5,0,1,0,Max,Abyssinian
CAT_00892,Female,4,7,3,6,5,7,6,6,4,2,1,0,0,Whirlwind,Ocicat
CAT_00893,Male,7,3,4,5,2,3,6,4,6,5,0,1,0,Mumbles,British Shorthair
CAT_00894,Male,3,3,4,7,1,6,6,6,4,7,0,1,0,Duke,Maine Coon
CAT_00895,Male,7,2,1,1,1,1,1,1,4,7,0,1,0,Grinch,Sphynx
CAT_00896,Female,3,3,3,3,1,5,4,2,6,6,1,0,0,Sassy,Cymric
CAT_00897,Male,6,6,4,7,1,4,7,7,4,5,0,1,0,Blaze,Abyssinian
CAT_00898,Female,2,4,6,6,5,3,4,4,4,4,1,0,0,Luna,British Longhair
CAT_00899,Female,6,2,4,4,5,1,4,2,4,1,1,0,0,Pixie,Devon Rex
CAT_00900,Female,2,6,5,6,6,5,4,4,4,3,1,0,0,Dakota,Bengal
CAT_00901,Female,4,2,4,6,3,6,6,6,6,3,1,0,0,Luna,British Longhair
CAT_00902,Female,3,4,6,5,3,5,4,4,5,4,1,0,0,Akira,Balinese
CAT_00903,Female,5,4,4,4,6,4,4,4,5,3,1,0,0,Kiska,Maine Coon
CAT_00904,Female,4,4,4,4,3,5,4,4,4,3,1,0,0,Mochi,British Shorthair
CAT_00905,Male,4,5,6,4,5,6,5,4,4,5,0,1,0,Blaze,Abyssinian
CAT_00906,Female,7,4,6,6,1,7,5,5,5,1,1,0,0,Onyx,Sphynx
CAT_00907,Female,1,6,7,6,7,7,4,4,7,1,1,0,0,Sassy,Singapura
CAT_00908,Male,4,3,6,6,4,6,6,6,4,4,0,1,0,Finn,Norwegian Forest Cat
CAT_00909,Female,6,4,2,6,4,1,4,4,6,1,1,0,0,Xanthe,Ragdoll
CAT_00910,Male,5,6,2,4,1,7,4,4,2,2,0,1,0,Thane,Savannah
CAT_00911,Male,1,2,6,6,2,5,4,4,4,4,0,1,0,Miko,Abyssinian
CAT_00912,Female,3,5,7,4,3,6,4,4,4,4,1,0,0,Lola,Balinese
CAT_00913,Male,1,6,6,4,5,6,2,2,6,1,0,1,0,Jasper,Abyssinian
CAT_00914,Male,2,5,6,6,3,6,4,5,4,4,0,1,0,Thane,British Shorthair
CAT_00915,Female,6,5,5,2,2,7,4,2,6,6,1,0,0,Raven,Sphynx
CAT_00916,Male,7,6,2,4,5,4,7,4,6,3,0,1,0,Axel,Devon Rex
CAT_00917,Female,1,7,7,7,1,4,4,6,4,7,1,0,0,Zelda,Russian Blue
CAT_00918,Female,5,4,6,2,1,4,6,4,4,4,1,0,0,Onyx,Norwegian Forest Cat
CAT_00919,Female,2,5,6,5,5,6,5,4,5,3,1,0,0,Willow,Maine Coon
CAT_00920,Male,4,6,6,5,2,7,6,4,2,4,0,1,0,Bronson,Ocicat
CAT_00921,Female,3,5,6,5,5,5,5,5,4,3,1,0,0,Luna,Abyssinian
CAT_00922,Male,6,4,5,4,6,5,4,4,4,2,0,1,0,Jasper,British Shorthair
CAT_00923,Male,1,2,7,4,3,4,4,6,4,4,0,1,0,Mochi,Ragdoll
CAT_00924,Female,4,5,6,5,1,7,5,4,4,1,1,0,0,Sassy,Siamese
CAT_00925,Male,1,5,7,7,2,7,7,7,5,1,0,1,0,Apollo,Maine Coon
CAT_00926,Male,3,4,6,6,5,7,6,5,4,5,0,1,0,Hunter,Norwegian Forest Cat
CAT_00927,Male,2,5,2,4,2,7,2,3,6,3,0,1,0,Loki,Korat
CAT_00928,Male,2,4,6,4,2,7,6,6,4,6,0,1,0,Onyx,Siberian
CAT_00929,Male,1,5,6,5,4,7,4,4,6,3,0,1,0,Thane,Tonkinese
CAT_00930,Male,1,4,7,7,4,4,7,7,6,4,0,1,0,Atlas,Bengal
CAT_00931,Male,5,5,6,4,2,7,5,3,4,4,0,1,0,Riot,Abyssinian
CAT_00932,Female,2,4,6,6,5,7,5,6,5,3,1,0,0,Luna,Ragdoll
CAT_00933,Male,2,6,6,6,5,6,6,5,4,4,0,1,0,Jasper,Bengal
CAT_00934,Male,2,5,6,6,4,6,6,6,6,4,0,1,0,Maverick,Siberian
CAT_00935,Female,2,4,6,4,1,7,4,3,6,3,1,0,0,Onyx,Sphynx
CAT_00936,Female,4,6,5,3,1,7,4,2,6,3,1,0,0,Ripley,Devon Rex
CAT_00937,Female,2,4,7,7,5,7,6,6,4,1,1,0,0,Sugar,Maine Coon
CAT_00938,Female,4,4,6,6,2,6,5,6,6,1,1,0,0,Piper,Norwegian Forest Cat
CAT_00939,Male,6,5,6,6,7,7,6,4,4,1,0,1,0,Blaze,Russian Blue
CAT_00940,Male,4,6,5,4,3,7,5,4,5,5,0,1,0,Thane,Ocicat
CAT_00941,Male,2,4,5,5,4,6,6,5,4,3,0,1,0,Rufus,British Shorthair
CAT_00942,Male,7,4,4,6,1,4,6,5,6,1,0,1,0,Bruiser,Ocicat
CAT_00943,Male,6,3,5,6,4,7,6,4,4,5,0,1,0,Maximilian,Norwegian Forest Cat
CAT_00944,Female,2,6,7,7,7,3,7,7,6,2,1,0,0,Luna,Ragdoll
CAT_00945,Male,4,3,4,4,5,4,4,4,4,4,0,1,0,Jasper,Domestic Shorthair
CAT_00946,Male,4,4,5,4,3,6,6,4,4,3,0,1,0,Leo,American Bobtail
CAT_00947,Female,2,5,6,5,2,7,6,5,6,6,1,0,0,Onyx,Sphynx
CAT_00948,Female,1,6,6,4,4,5,4,4,4,2,1,0,0,Dakota,Abyssinian
CAT_00949,Female,4,5,7,6,4,7,6,5,5,3,1,0,0,Astrid,Maine Coon
CAT_00950,Female,4,5,6,6,4,7,6,5,4,3,1,0,0,Freya,Siberian
CAT_00951,Male,4,3,4,3,2,6,6,3,5,6,0,1,0,Rufus,Abyssinian
CAT_00952,Male,5,4,5,4,2,6,4,4,4,4,0,1,0,Jasper,Korat
CAT_00953,Male,2,4,6,4,1,7,4,4,5,7,0,1,0,Maxim,Siamese
CAT_00954,Male,2,3,5,7,4,4,4,4,4,3,0,1,0,Casper,British Shorthair
CAT_00955,Female,2,5,7,7,5,7,6,6,5,2,1,0,0,Luna,Ragdoll
CAT_00956,Male,2,5,6,4,5,7,6,4,4,2,0,1,0,Hunter,Abyssinian
CAT_00957,Male,3,5,6,4,4,6,4,3,5,3,0,1,0,Rocky,American Bobtail
CAT_00958,Female,4,5,6,4,4,5,5,5,4,5,1,0,0,Onyx,Ocicat
CAT_00959,Female,3,4,6,4,1,2,4,3,6,3,1,0,0,Lola,Norwegian Forest Cat
CAT_00960,Unknown,2,6,7,6,7,7,6,6,4,3,0,0,1,Zeus,Savannah
CAT_00961,Male,2,6,6,4,5,7,5,3,4,3,0,1,0,Bruno,Abyssinian
CAT_00962,Female,5,4,4,3,3,5,5,4,4,2,1,0,0,Whiskers,British Longhair
CAT_00963,Female,3,5,6,6,1,6,6,6,4,3,1,0,0,Luna,Maine Coon
CAT_00964,Male,1,4,7,5,1,7,6,5,6,6,0,1,0,Maximilian,Ragdoll
CAT_00965,Female,1,5,6,6,6,5,7,6,4,4,1,0,0,Astrid,Siamese
CAT_00966,Female,1,5,6,6,3,2,6,6,4,2,1,0,0,Lila,Norwegian Forest Cat
CAT_00967,Male,2,5,6,6,3,7,6,6,6,3,0,1,0,Jasper,Abyssinian
CAT_00968,Unknown,2,5,6,6,1,7,6,6,4,4,0,0,1,Onyx,Ocicat
CAT_00969,Male,2,4,4,6,4,7,6,7,4,3,0,1,0,Caspian,British Shorthair
CAT_00970,Female,2,7,6,2,1,5,5,2,4,6,1,0,0,Zephyr,Egyptian Mau
CAT_00971,Male,4,5,6,5,3,7,5,4,4,3,0,1,0,Riot,Abyssinian
CAT_00972,Female,4,5,4,4,2,7,4,4,6,4,1,0,0,Luna,British Shorthair
CAT_00973,Female,4,4,6,3,3,7,3,3,4,2,1,0,0,Whisper,Ragdoll
CAT_00974,Male,3,4,6,4,4,4,4,4,4,2,0,1,0,Jasper,Maine Coon
CAT_00975,Female,3,3,4,4,4,5,3,4,6,3,1,0,0,Mochi,Siberian
CAT_00976,Female,1,6,7,7,1,7,7,7,4,1,1,0,0,Sparkles,Abyssinian
CAT_00977,Female,4,4,4,6,1,5,6,6,5,4,1,0,0,Piper,Ocicat
CAT_00978,Male,6,3,4,3,2,3,4,3,4,4,0,1,0,Brutus,Norwegian Forest Cat
CAT_00979,Male,6,5,6,5,3,7,6,4,5,2,0,1,0,Maverick,Bengal
CAT_00980,Male,3,5,7,6,7,7,6,5,6,2,0,1,0,Apollo,Savannah
CAT_00981,Male,2,5,2,4,1,5,6,5,4,6,0,1,0,Ranger,Abyssinian
CAT_00982,Female,5,5,6,3,1,6,2,2,3,2,1,0,0,Onyx,Burmese
CAT_00983,Male,1,5,7,6,5,7,5,4,4,4,0,1,0,Apollo,Maine Coon
CAT_00984,Male,1,5,7,6,4,7,6,6,4,3,0,1,0,Maverick,Norwegian Forest Cat
CAT_00985,Male,2,4,4,4,1,3,4,3,5,6,0,1,0,Bronson,British Shorthair
CAT_00986,Female,2,2,7,6,1,7,6,5,3,2,1,0,0,Luna,Ragdoll
CAT_00987,Male,4,3,3,7,5,7,6,6,4,2,0,1,0,Jasper,Siberian
CAT_00988,Male,2,4,5,6,2,5,6,6,4,4,0,1,0,Finn,Bengal
CAT_00989,Male,1,5,6,6,7,5,6,6,4,1,0,1,0,Atlas,Ocicat
CAT_00990,Female,2,6,7,7,7,7,6,6,4,2,1,0,0,Aurora,Savannah
CAT_00991,Male,4,6,4,4,6,6,3,3,6,5,0,1,0,Riot,Abyssinian
CAT_00992,Male,4,5,7,4,5,7,5,4,6,6,0,1,0,Blaze,Bengal
CAT_00993,Male,3,6,7,6,6,7,4,4,4,4,0,1,0,Jasper,Abyssinian
CAT_00994,Female,2,5,5,7,5,1,6,6,4,4,1,0,0,Luna,British Longhair
CAT_00995,Male,2,4,7,6,7,6,4,4,4,3,0,1,0,Gatsby,Ragdoll
CAT_00996,Female,1,6,4,3,4,7,5,4,4,2,1,0,0,Onyx,Sphynx
CAT_00997,Male,6,2,6,4,4,1,3,3,3,4,0,1,0,Mochi,British Shorthair
CAT_00998,Female,2,5,7,6,6,2,6,6,6,3,1,0,0,Lola,Ragdoll
CAT_00999,Female,2,5,5,6,3,4,6,6,4,3,1,0,0,Sable,Birman
CAT_01000,Female,1,5,7,7,7,1,4,4,4,1,1,0,0,Aurora,Maine Coon
CAT_01001,Male,2,4,6,6,4,5,5,4,4,2,0,1,0,Baxter,Abyssinian
CAT_01002,Male,6,5,6,5,5,7,6,6,4,3,0,1,0,Riot,Siamese
CAT_01003,Male,5,6,5,6,1,4,7,6,4,7,0,1,0,Blaze,Abyssinian
CAT_01004,Male,2,5,6,6,3,5,6,6,5,2,0,1,0,Jasper,British Shorthair
CAT_01005,Male,2,6,7,5,2,7,4,4,6,3,0,1,0,Maverick,Bengal
CAT_01006,Female,4,4,2,6,6,7,7,6,6,3,1,0,0,Onyx,Sphynx
CAT_01007,Female,2,4,4,4,2,5,4,4,6,5,1,0,0,Luna,Ocicat
CAT_01008,Male,3,6,6,3,2,7,6,4,4,6,0,1,0,Thane,Savannah
CAT_01009,Male,4,4,4,1,1,5,4,1,4,5,0,1,0,Gatsby,Russian Blue
CAT_01010,Male,4,6,3,1,1,3,4,2,5,1,0,1,0,Ranger,Norwegian Forest Cat
CAT_01011,Female,2,6,4,5,1,7,6,4,6,6,1,0,0,Luna,Abyssinian
CAT_01012,Male,2,5,6,6,3,7,6,5,4,4,0,1,0,Jasper,British Shorthair
CAT_01013,Female,6,6,6,4,1,6,4,1,5,3,1,0,0,Onyx,Siamese
CAT_01014,Male,1,4,6,6,1,7,4,3,6,6,0,1,0,Titan,Norwegian Forest Cat
CAT_01015,Female,3,6,6,5,2,6,6,5,4,6,1,0,0,Akira,Burmese
CAT_01016,Female,4,4,5,5,4,6,4,4,6,4,1,0,0,Mochi,Russian Blue
CAT_01017,Male,4,3,5,5,3,7,6,6,6,3,0,1,0,Boris,Maine Coon
CAT_01018,Female,1,5,7,6,4,7,6,5,4,3,1,0,0,Lola,Tonkinese
CAT_01019,Male,3,5,5,4,3,7,4,4,4,4,0,1,0,Kai,American Shorthair
CAT_01020,Female,3,2,6,4,2,6,6,4,3,4,1,0,0,Willow,British Longhair
CAT_01021,Female,6,3,2,4,7,5,6,4,4,2,1,0,0,Luna,British Shorthair
CAT_01022,Male,2,3,6,7,5,2,5,5,5,5,0,1,0,Leo,Ragdoll
CAT_01023,Female,3,3,6,7,3,2,7,7,3,2,1,0,0,Astrid,Siamese
CAT_01024,Male,3,3,5,6,4,6,4,4,6,4,0,1,0,Jasper,American Bobtail
CAT_01025,Male,4,5,4,4,4,7,6,4,5,3,0,1,0,Riot,Abyssinian
CAT_01026,Male,4,4,5,6,5,6,4,5,5,2,0,1,0,Orion,Norwegian Forest Cat
CAT_01027,Female,3,4,4,5,3,4,5,5,4,3,1,0,0,Piper,Domestic Shorthair
CAT_01028,Male,4,6,7,6,4,7,4,4,4,6,0,1,0,Blaze,Bengal
CAT_01029,Male,4,3,6,4,3,5,4,3,3,2,0,1,0,Finn,Maine Coon
CAT_01030,Male,4,3,4,4,1,6,6,4,6,1,0,1,0,Thane,Russian Blue
CAT_01031,Male,3,5,5,4,4,5,6,4,5,4,0,1,0,Rocket,Abyssinian
CAT_01032,Female,2,5,5,6,4,5,6,6,5,4,1,0,0,Luna,Balinese
CAT_01033,Female,4,4,5,5,3,5,5,4,4,2,1,0,0,Whiskers,British Shorthair
CAT_01034,Male,4,5,6,5,6,6,4,4,4,2,0,1,0,Jasper,Bengal
CAT_01035,Male,2,5,6,3,1,5,4,2,4,7,0,1,0,Baron,Russian Blue
CAT_01036,Male,4,4,6,4,3,6,6,4,4,5,0,1,0,Thane,Norwegian Forest Cat
CAT_01037,Female,6,7,4,4,1,1,4,1,4,5,1,0,0,Blaze,Egyptian Mau
CAT_01038,Male,4,4,2,6,4,6,6,6,3,3,0,1,0,Simba,American Bobtail
CAT_01039,Male,2,4,7,4,1,7,4,4,4,7,0,1,0,Apollo,Savannah
CAT_01040,Female,3,5,3,4,1,6,2,4,7,7,1,0,0,Onyx,Ocicat
CAT_01041,Female,4,4,7,5,4,7,4,4,4,2,1,0,0,Luna,Oriental Shorthair
CAT_01042,Male,3,5,5,4,2,3,5,4,6,5,0,1,0,Jasper,American Bobtail
CAT_01043,Female,2,5,6,6,6,6,6,6,4,2,1,0,0,Dakota,Ragdoll
CAT_01044,Female,5,5,5,4,4,6,5,3,6,4,1,0,0,Onyx,Abyssinian
CAT_01045,Female,4,3,5,2,3,7,4,3,5,4,1,0,0,Sassy,British Longhair
CAT_01046,Female,2,5,6,5,7,7,5,4,4,4,1,0,0,Lola,Maine Coon
CAT_01047,Female,2,4,4,4,1,2,6,6,6,2,1,0,0,Zelda,Siamese
CAT_01048,Female,2,6,6,5,1,6,6,5,4,7,1,0,0,Astrid,Savannah
CAT_01049,Male,2,4,6,5,3,1,6,4,4,1,0,1,0,Gatsby,Russian Blue
CAT_01050,Male,5,4,5,4,4,2,4,2,5,5,0,1,0,Thane,British Shorthair
CAT_01051,Male,2,4,7,7,6,6,6,6,6,3,0,1,0,Baxter,Abyssinian
CAT_01052,Male,3,5,6,6,5,6,5,4,4,3,0,1,0,Jasper,British Shorthair
CAT_01053,Male,3,5,7,5,7,7,7,6,4,4,0,1,0,Finn,Siamese
CAT_01054,Male,1,5,7,7,7,2,7,7,4,1,0,1,0,Oliver,Ragdoll
CAT_01055,Female,5,4,6,3,2,2,5,4,5,4,1,0,0,Sable,Siberian
CAT_01056,Male,3,5,5,4,3,5,3,2,5,5,0,1,0,Rocky,American Bobtail
CAT_01057,Male,6,2,2,4,5,2,3,4,4,1,0,1,0,Miko,Devon Rex
CAT_01058,Female,3,4,6,4,4,2,5,5,4,3,1,0,0,Luna,Korat
CAT_01059,Female,6,3,4,4,1,6,3,3,3,1,1,0,0,Onyx,Norwegian Forest Cat
CAT_01060,Female,4,4,6,6,4,5,6,6,4,3,1,0,0,Willow,Maine Coon
CAT_01061,Male,2,2,6,6,4,5,4,4,2,1,0,1,0,Bruno,British Shorthair
CAT_01062,Female,1,5,7,7,1,5,7,7,4,1,1,0,0,Luna,Siamese
CAT_01063,Male,4,4,4,3,3,3,4,4,4,5,0,1,0,Jasper,American Bobtail
CAT_01064,Male,2,6,7,6,4,6,7,6,4,2,0,1,0,Rocky,Abyssinian
CAT_01065,Female,1,5,7,6,4,4,4,4,7,3,1,0,0,Dakota,Burmese
CAT_01066,Male,4,4,6,6,4,5,3,4,5,3,0,1,0,Thane,Russian Blue
CAT_01067,Female,4,4,6,5,5,5,4,4,6,5,1,0,0,Onyx,Norwegian Forest Cat
CAT_01068,Female,4,4,7,3,3,7,6,4,6,4,1,0,0,Raven,Egyptian Mau
CAT_01069,Female,3,4,6,6,4,6,6,6,5,2,1,0,0,Willow,Siberian
CAT_01070,Female,5,4,4,4,1,1,3,3,4,6,1,0,0,Griselda,Sphynx
CAT_01071,Male,4,5,5,3,2,7,4,2,4,6,0,1,0,Riot,Abyssinian
CAT_01072,Male,4,5,7,5,4,7,6,4,4,3,0,1,0,Apollo,Balinese
CAT_01073,Female,3,5,6,4,1,6,4,4,6,4,1,0,0,Luna,Somali
CAT_01074,Male,1,6,7,6,6,7,6,6,4,3,0,1,0,Jasper,Ocicat
CAT_01075,Male,3,4,6,6,4,5,4,6,4,4,0,1,0,Finn,Maine Coon
CAT_01076,Female,5,3,6,6,4,7,6,5,4,1,1,0,0,Onyx,British Longhair
CAT_01077,Female,2,5,6,6,4,5,4,6,6,3,1,0,0,Piper,Cymric
CAT_01078,Female,2,4,6,4,3,5,4,2,5,5,1,0,0,Sage,Norwegian Forest Cat
CAT_01079,Male,2,5,6,5,5,7,6,6,5,5,0,1,0,Maverick,Siberian
CAT_01080,Female,6,5,5,4,1,6,4,3,4,2,1,0,0,Raven,Tonkinese
CAT_01081,Male,5,3,5,6,1,6,6,5,6,2,0,1,0,Rufus,Abyssinian
CAT_01082,Male,2,4,7,6,5,3,6,6,4,1,0,1,0,Jasper,British Shorthair
CAT_01083,Male,4,5,7,4,2,2,6,6,4,1,0,1,0,Kaiser,Siamese
CAT_01084,Female,3,4,4,4,2,2,6,6,6,5,1,0,0,Onyx,Russian Blue
CAT_01085,Male,2,3,7,7,7,7,4,4,7,1,0,1,0,Sunny,Maine Coon
CAT_01086,Female,2,5,5,4,2,7,4,4,4,5,1,0,0,Luna,Norwegian Forest Cat
CAT_01087,Female,2,5,7,6,5,5,3,4,4,4,1,0,0,Willow,Bengal
CAT_01088,Male,6,7,4,4,5,7,6,4,4,2,0,1,0,Nitro,Abyssinian
CAT_01089,Male,2,5,7,6,6,4,4,4,4,2,0,1,0,Hunter,Burmese
CAT_01090,Female,4,6,6,4,4,7,4,4,4,3,1,0,0,Cleo,Ocicat
CAT_01091,Male,1,5,7,6,4,7,4,6,3,4,0,1,0,Blaze,Abyssinian
CAT_01092,Female,4,3,6,5,1,6,4,4,4,4,1,0,0,Luna,British Longhair
CAT_01093,Female,1,4,6,6,4,1,6,6,4,1,1,0,0,Mochi,Maine Coon
CAT_01094,Female,4,5,6,4,4,5,6,5,4,2,1,0,0,Whiskey,Ocicat
CAT_01095,Female,4,3,4,3,3,7,4,3,5,5,1,0,0,Onyx,Singapura
CAT_01096,Female,2,7,6,6,3,3,5,5,5,5,1,0,0,Zephyr,Abyssinian
CAT_01097,Female,4,5,3,5,6,5,6,4,6,3,1,0,0,Kaida,Norwegian Forest Cat
CAT_01098,Female,5,5,5,5,5,3,4,4,4,4,1,0,0,Pixie,Russian Blue
CAT_01099,Female,5,5,4,4,3,5,6,5,5,4,1,0,0,Raven,Devon Rex
CAT_01100,Male,4,4,7,4,2,5,4,4,4,6,0,1,0,Orion,British Shorthair
CAT_01101,Female,1,4,5,6,4,6,5,6,6,2,1,0,0,Luna,British Shorthair
CAT_01102,Female,4,4,4,3,2,5,6,5,6,2,1,0,0,Onyx,Russian Blue
CAT_01103,Female,4,5,6,5,2,7,7,5,4,3,1,0,0,Zara,Abyssinian
CAT_01104,Male,3,3,6,5,3,5,5,5,4,3,0,1,0,Jasper,British Longhair
CAT_01105,Female,2,5,7,5,2,7,4,4,4,4,1,0,0,Willow,Ragdoll
CAT_01106,Female,2,4,5,6,2,7,7,6,5,4,1,0,0,Nova,Maine Coon
CAT_01107,Female,4,5,6,4,4,6,4,2,4,3,1,0,0,Lola,Siamese
CAT_01108,Female,2,6,6,6,4,6,5,6,5,3,1,0,0,Akira,Balinese
CAT_01109,Male,3,2,7,6,7,7,7,6,6,2,0,1,0,Finn,Persian
CAT_01110,Male,1,6,6,2,1,3,4,2,4,6,0,1,0,Thane,Norwegian Forest Cat
CAT_01111,Male,7,5,2,6,1,6,1,4,4,3,0,1,0,Bruiser,Abyssinian
CAT_01112,Male,2,4,6,6,3,2,6,6,4,4,0,1,0,Marshal,British Shorthair
CAT_01113,Male,2,5,5,5,5,6,6,5,6,2,0,1,0,Ranger,American Bobtail
CAT_01114,Female,2,5,6,5,5,6,7,6,6,3,1,0,0,Nova,Siamese
CAT_01115,Female,2,4,6,4,5,4,2,2,3,3,1,0,0,Luna,Korat
CAT_01116,Male,4,5,5,4,3,7,2,2,4,5,0,1,0,Thane,Maine Coon
CAT_01117,Male,2,3,7,7,2,1,6,7,2,1,0,1,0,Caspian,Ocicat
CAT_01118,Male,2,4,5,2,3,7,5,4,6,3,0,1,0,Kai,Ragdoll
CAT_01119,Male,5,4,1,1,4,1,2,2,2,5,0,1,0,Scorch,Sphynx
CAT_01120,Female,5,5,3,4,4,7,6,4,4,3,1,0,0,Onyx,Norwegian Forest Cat
CAT_01121,Female,1,6,7,6,7,7,6,6,4,1,1,0,0,Luna,Abyssinian
CAT_01122,Male,2,5,6,4,4,5,5,4,4,4,0,1,0,Jasper,Korat
CAT_01123,Female,3,6,7,4,1,6,6,4,7,7,1,0,0,Onyx,Sphynx
CAT_01124,Female,4,5,6,4,3,7,5,4,4,5,1,0,0,Whiskers,Oriental Shorthair
CAT_01125,Male,6,4,2,4,1,6,4,2,4,1,0,1,0,Binx,Russian Blue
CAT_01126,Male,5,5,5,3,2,6,6,4,4,3,0,1,0,Gizmo,Siamese
CAT_01127,Male,5,5,6,6,3,6,3,4,4,3,0,1,0,Rocky,Maine Coon
CAT_01128,Female,4,4,4,4,3,5,4,4,5,3,1,0,0,Mochi,British Shorthair
CAT_01129,Male,2,4,6,4,4,5,4,5,4,3,0,1,0,Finn,Ocicat
CAT_01130,Male,2,6,7,6,1,5,4,4,4,7,0,1,0,Apollo,Bengal
CAT_01131,Female,2,3,6,6,2,7,5,4,4,2,1,0,0,Luna,Abyssinian
CAT_01132,Male,1,6,7,4,4,2,6,6,4,4,0,1,0,Jasper,Bengal
CAT_01133,Female,6,5,6,2,3,5,4,2,4,4,1,0,0,Onyx,Siamese
CAT_01134,Female,4,4,4,3,1,1,4,3,4,5,1,0,0,Midge,British Shorthair
CAT_01135,Female,6,5,7,4,6,7,6,4,3,2,1,0,0,Sapphire,Burmese
CAT_01136,Male,2,5,7,6,6,7,6,6,4,2,0,1,0,Finn,Maine Coon
CAT_01137,Male,1,3,6,6,2,2,3,4,4,5,0,1,0,Gatsby,Abyssinian
CAT_01138,Male,2,6,6,3,6,7,4,4,4,2,0,1,0,Riot,Ocicat
CAT_01139,Male,4,5,5,5,4,7,4,4,4,5,0,1,0,Thane,Norwegian Forest Cat
CAT_01140,Male,3,6,6,4,4,7,4,4,6,5,0,1,0,Maverick,Siberian
CAT_01141,Male,4,4,5,6,5,5,4,5,5,3,0,1,0,Bruno,British Shorthair
CAT_01142,Male,2,4,6,5,5,7,5,4,4,5,0,1,0,Maximus,Abyssinian
CAT_01143,Male,4,5,6,6,3,5,5,5,6,4,0,1,0,Blaze,Ocicat
CAT_01144,Female,1,5,7,6,6,4,6,6,4,4,1,0,0,Luna,Ragdoll
CAT_01145,Male,4,6,6,6,4,7,2,4,4,3,0,1,0,Jasper,Savannah
CAT_01146,Female,2,5,7,7,4,7,7,7,4,1,1,0,0,Aurora,Sphynx
CAT_01147,Female,7,5,2,2,1,5,6,4,6,7,1,0,0,Onyx,Nebelung
CAT_01148,Female,4,2,4,5,1,6,1,3,4,1,1,0,0,Mabel,Cymric
CAT_01149,Female,3,5,7,5,6,7,5,3,4,2,1,0,0,Willow,Norwegian Forest Cat
CAT_01150,Female,4,6,7,4,4,2,6,4,3,2,1,0,0,Freya,Siberian
CAT_01151,Female,2,5,7,2,5,7,4,2,7,5,1,0,0,Luna,Oriental Shorthair
CAT_01152,Female,5,5,4,4,2,5,5,4,4,3,1,0,0,Akira,Balinese
CAT_01153,Male,2,5,6,6,6,3,6,6,4,4,0,1,0,Jasper,Maine Coon
CAT_01154,Male,2,4,6,6,4,5,6,6,4,3,0,1,0,Finn,British Shorthair
CAT_01155,Male,4,4,6,6,7,2,6,6,4,3,0,1,0,Orion,Ragdoll
CAT_01156,Female,4,5,4,3,2,7,4,4,5,4,1,0,0,Sassy,Siamese
CAT_01157,Female,1,3,7,6,4,7,3,5,6,1,1,0,0,Whiskers,Persian
CAT_01158,Female,4,5,5,4,5,2,4,4,6,3,1,0,0,Cleo,Norwegian Forest Cat
CAT_01159,Male,2,3,6,4,1,7,4,6,4,7,0,1,0,Maverick,American Bobtail
CAT_01160,Male,2,3,6,6,3,3,3,4,2,2,0,1,0,Miko,Siberian
CAT_01161,Female,4,4,7,4,2,7,6,4,5,4,1,0,0,Luna,Oriental Shorthair
CAT_01162,Female,3,6,6,6,1,4,2,3,4,4,1,0,0,Whiskers,Korat
CAT_01163,Male,6,5,2,5,5,5,6,4,4,2,0,1,0,Brutus,British Shorthair
CAT_01164,Female,2,4,7,4,3,6,6,6,4,2,1,0,0,Cleo,Ragdoll
CAT_01165,Male,4,5,6,4,3,5,4,4,4,6,0,1,0,Maverick,Maine Coon
CAT_01166,Female,2,5,6,6,4,4,6,6,4,4,1,0,0,Gracie,Birman
CAT_01167,Female,1,5,6,6,4,4,6,6,6,1,1,0,0,Serenity,Siamese
CAT_01168,Male,3,3,4,6,6,7,6,6,5,1,0,1,0,Jasper,Norwegian Forest Cat
CAT_01169,Female,2,4,6,5,4,5,5,5,5,3,1,0,0,Piper,Balinese
CAT_01170,Female,1,4,7,7,7,5,6,6,4,2,1,0,0,Willow,British Longhair
CAT_01171,Female,3,5,4,4,3,7,4,3,2,3,1,0,0,Luna,Abyssinian
CAT_01172,Male,5,4,6,4,6,7,6,4,2,2,0,1,0,Jasper,British Shorthair
CAT_01173,Male,1,5,6,4,5,2,6,6,6,4,0,1,0,Finn,Norwegian Forest Cat
CAT_01174,Female,5,3,6,4,1,6,4,3,4,1,1,0,0,Daphne,Siamese
CAT_01175,Male,5,4,4,2,1,6,5,2,7,6,0,1,0,Kaiser,Russian Blue
CAT_01176,Male,6,5,3,4,4,7,4,4,4,5,0,1,0,Loki,Abyssinian
CAT_01177,Male,2,3,6,5,4,7,4,3,2,3,0,1,0,Simba,Domestic Shorthair
CAT_01178,Female,4,5,6,4,3,6,6,6,5,5,1,0,0,Onyx,Maine Coon
CAT_01179,Male,4,5,5,5,5,7,6,5,4,3,0,1,0,Hunter,Bengal
CAT_01180,Female,3,5,6,6,6,6,6,6,5,5,1,0,0,Willow,Ragdoll
CAT_01181,Male,4,6,6,4,1,7,5,2,4,1,0,1,0,Riot,Abyssinian
CAT_01182,Female,6,5,6,5,4,3,2,3,5,2,1,0,0,Luna,British Longhair
CAT_01183,Female,2,5,7,7,7,3,6,6,4,1,1,0,0,Daisy,Ragdoll
CAT_01184,Male,2,4,6,6,6,6,4,5,5,2,0,1,0,Jasper,American Shorthair
CAT_01185,Female,6,4,4,4,1,1,6,2,4,1,1,0,0,Onyx,Sphynx
CAT_01186,Female,6,5,5,2,2,6,5,4,6,3,1,0,0,Raven,Savannah
CAT_01187,Female,4,4,7,3,1,7,6,4,6,4,1,0,0,Zelda,Ocicat
CAT_01188,Male,4,5,6,6,5,5,4,6,6,2,0,1,0,Thane,Norwegian Forest Cat
CAT_01189,Female,4,6,5,5,2,6,4,3,6,3,1,0,0,Nova,Bengal
CAT_01190,Male,6,7,4,2,7,1,4,2,4,4,0,1,0,Blaze,Siberian
CAT_01191,Male,6,5,6,4,1,7,4,2,6,7,0,1,0,Riot,Abyssinian
CAT_01192,Male,3,4,6,4,4,6,5,4,5,3,0,1,0,Baxter,British Shorthair
CAT_01193,Female,4,5,5,3,2,2,5,4,6,2,1,0,0,Mochi,Singapura
CAT_01194,Female,4,5,6,5,3,7,6,5,6,5,1,0,0,Electra,Ocicat
CAT_01195,Male,5,4,6,4,3,2,5,4,3,3,0,1,0,Jasper,Russian Blue
CAT_01196,Male,3,3,6,6,3,7,6,6,4,2,0,1,0,Finn,Maine Coon
CAT_01197,Female,3,7,6,5,4,5,5,4,4,5,1,0,0,Zuzu,Abyssinian
CAT_01198,Female,3,5,6,6,2,7,6,5,4,2,1,0,0,Luna,Norwegian Forest Cat
CAT_01199,Male,1,5,7,7,6,7,7,7,4,2,0,1,0,Maximillian,Persian
CAT_01200,Female,2,5,7,6,3,7,5,6,4,3,1,0,0,Aurora,Ragdoll
CAT_01201,Female,3,4,7,5,5,5,4,4,5,3,1,0,0,Luna,Abyssinian
CAT_01202,Female,5,5,6,6,6,5,6,5,5,2,1,0,0,Xanthe,Abyssinian
CAT_01203,Female,3,6,6,4,2,6,6,5,4,5,1,0,0,Zara,Abyssinian
CAT_01204,Female,4,4,4,5,2,5,4,4,5,1,1,0,0,Mochi,British Shorthair
CAT_01205,Male,1,4,6,7,3,6,6,7,6,1,0,1,0,Maxim,Ragdoll
CAT_01206,Female,2,5,6,6,4,3,4,5,4,3,1,0,0,Astrid,Norwegian Forest Cat
CAT_01207,Female,3,3,6,4,2,4,6,4,5,3,1,0,0,Piper,Siberian
CAT_01208,Female,4,4,4,4,3,5,3,4,4,4,1,0,0,Lyra,Domestic Shorthair
CAT_01209,Female,2,5,6,6,6,6,7,6,5,1,1,0,0,Cleo,Siamese
CAT_01210,Female,4,4,4,6,3,5,4,4,4,3,1,0,0,Willow,British Longhair
CAT_01211,Male,5,7,7,4,5,7,7,4,4,5,0,1,0,Rocket,Abyssinian
CAT_01212,Female,6,5,6,4,3,5,6,4,4,3,1,0,0,Luna,British Shorthair
CAT_01213,Female,4,5,4,6,4,2,6,5,4,3,1,0,0,Daisy,Ragdoll
CAT_01214,Male,1,6,5,4,2,6,6,4,4,5,0,1,0,Jasper,American Bobtail
CAT_01215,Male,1,4,7,4,2,5,6,4,4,5,0,1,0,Apollo,Maine Coon
CAT_01216,Male,1,5,6,6,4,5,5,6,4,3,0,1,0,Hunter,Norwegian Forest Cat
CAT_01217,Female,5,3,4,4,4,5,4,4,3,4,1,0,0,Whiskers,Domestic Shorthair
CAT_01218,Female,2,6,7,6,5,7,6,4,4,2,1,0,0,Sassy,Siamese
CAT_01219,Female,2,4,6,6,4,4,4,5,4,2,1,0,0,Lola,Balinese
CAT_01220,Female,2,1,6,4,6,1,1,2,4,1,1,0,0,Mochi,Persian
CAT_01221,Female,4,4,4,4,4,5,2,2,5,4,1,0,0,Luna,Oriental Shorthair
CAT_01222,Female,5,4,2,6,4,6,6,5,7,1,1,0,0,Onyx,Abyssinian
CAT_01223,Male,3,5,7,6,6,7,5,6,4,2,0,1,0,Jasper,Maine Coon
CAT_01224,Female,3,3,6,4,6,7,3,2,4,5,1,0,0,Whiskers,British Shorthair
CAT_01225,Female,6,4,4,4,1,6,2,2,2,3,1,0,0,Loki,Sphynx
CAT_01226,Female,4,5,5,5,1,2,4,4,6,7,1,0,0,Xanthe,Ocicat
CAT_01227,Male,1,2,7,6,2,5,6,6,4,4,0,1,0,Finn,Bengal
CAT_01228,Male,3,6,7,6,4,6,6,6,6,5,0,1,0,Thane,Savannah
CAT_01229,Male,3,3,6,7,4,1,6,6,4,2,0,1,0,Miko,Norwegian Forest Cat
CAT_01230,Male,2,4,6,6,5,3,5,5,4,3,0,1,0,Gideon,Russian Blue
CAT_01231,Female,5,3,4,4,5,7,4,2,4,3,1,0,0,Luna,Abyssinian
CAT_01232,Male,3,3,6,4,2,5,6,6,4,5,0,1,0,Jasper,British Shorthair
CAT_01233,Male,6,5,5,4,6,6,4,2,5,2,0,1,0,Riot,Devon Rex
CAT_01234,Male,4,5,4,3,2,6,6,4,6,3,0,1,0,Thane,Ocicat
CAT_01235,Male,7,5,6,4,6,4,6,2,6,1,0,1,0,Zephyr,Siamese
CAT_01236,Female,6,5,3,4,3,6,6,4,4,5,1,0,0,Onyx,Cornish Rex
CAT_01237,Male,6,6,2,2,2,5,2,2,4,5,0,1,0,Loki,Egyptian Mau
CAT_01238,Female,5,5,2,2,4,4,3,2,4,4,1,0,0,Raven,Russian Blue
CAT_01239,Female,2,7,6,6,4,7,7,6,4,1,1,0,0,Nova,Abyssinian
CAT_01240,Male,4,7,6,2,5,1,4,2,5,5,0,1,0,Blaze,Savannah
CAT_01241,Female,4,5,5,5,4,7,5,4,6,4,1,0,0,Luna,Abyssinian
CAT_01242,Male,2,2,4,5,3,3,6,6,7,5,0,1,0,Jasper,British Shorthair
CAT_01243,Male,2,5,6,6,4,6,6,6,4,4,0,1,0,Finn,Maine Coon
CAT_01244,Female,4,5,6,5,2,3,4,4,6,5,1,0,0,Onyx,Siberian
CAT_01245,Female,1,5,6,6,5,7,6,5,4,4,1,0,0,Aria,Norwegian Forest Cat
CAT_01246,Male,4,4,6,4,2,7,5,4,4,4,0,1,0,Thane,Russian Blue
CAT_01247,Female,5,6,1,5,6,4,4,5,4,5,1,0,0,Sable,Devon Rex
CAT_01248,Female,3,4,4,2,2,5,4,3,4,5,1,0,0,Piper,Korat
CAT_01249,Female,1,4,4,3,1,3,2,2,6,6,1,0,0,Lola,Sphynx
CAT_01250,Female,6,5,5,4,3,5,5,4,4,5,1,0,0,Raven,Tonkinese
CAT_01251,Male,2,4,6,6,6,7,6,6,4,2,0,1,0,Maverick,Abyssinian
CAT_01252,Female,2,4,7,6,4,7,6,6,5,4,1,0,0,Luna,Birman
CAT_01253,Male,5,2,5,4,6,6,5,6,6,2,0,1,0,Chester,British Shorthair
CAT_01254,Male,3,5,6,4,3,7,5,4,6,5,0,1,0,Jager,Ocicat
CAT_01255,Female,5,5,5,4,4,6,6,4,4,4,1,0,0,Onyx,Siamese
CAT_01256,Female,2,4,4,4,5,1,4,4,6,3,1,0,0,Whisper,Russian Blue
CAT_01257,Female,4,5,5,4,5,6,4,4,3,3,1,0,0,Sasha,Korat
CAT_01258,Male,5,5,6,4,2,7,5,4,6,6,0,1,0,Thane,Devon Rex
CAT_01259,Male,3,4,6,5,4,7,4,5,4,3,0,1,0,Finn,Savannah
CAT_01260,Male,6,4,5,6,5,7,6,6,7,1,0,1,0,Zeus,Norwegian Forest Cat
CAT_01261,Female,6,6,2,2,4,6,4,2,6,4,1,0,0,Luna,Abyssinian
CAT_01262,Female,2,5,7,6,7,7,6,6,6,1,1,0,0,Gracie,Ragdoll
CAT_01263,Female,2,3,6,4,1,7,4,2,6,7,1,0,0,Cleo,British Longhair
CAT_01264,Male,6,4,5,4,1,7,6,4,4,1,0,1,0,Jasper,Norwegian Forest Cat
CAT_01265,Female,2,5,5,6,6,7,4,4,5,2,1,0,0,Lola,Balinese
CAT_01266,Male,4,5,3,4,5,7,3,4,6,4,0,1,0,Rocky,Ocicat
CAT_01267,Male,3,4,6,6,5,5,5,6,4,3,0,1,0,Felix,Siberian
CAT_01268,Male,4,5,5,3,3,5,4,2,6,7,0,1,0,Thane,Chartreux
CAT_01269,Female,5,7,7,5,1,7,6,4,6,5,1,0,0,Electra,Egyptian Mau
CAT_01270,Female,2,7,6,6,5,7,5,4,4,3,1,0,0,Zelda,Siamese
CAT_01271,Female,6,5,2,2,5,5,6,3,7,5,1,0,0,Luna,Abyssinian
CAT_01272,Female,2,4,5,5,3,6,4,6,4,4,1,0,0,Daisy,British Longhair
CAT_01273,Female,4,5,6,4,2,5,5,4,4,6,1,0,0,Lola,Siamese
CAT_01274,Male,4,5,4,5,1,7,6,4,7,6,0,1,0,Blaze,Savannah
CAT_01275,Male,6,4,6,4,5,6,6,4,6,2,0,1,0,Jasper,Norwegian Forest Cat
CAT_01276,Male,1,4,6,5,4,5,4,3,6,5,0,1,0,Felix,Maine Coon
CAT_01277,Male,2,5,6,6,6,4,6,6,5,5,0,1,0,Apollo,Bengal
CAT_01278,Male,4,6,3,4,1,7,6,4,6,6,0,1,0,Ranger,Ocicat
CAT_01279,Female,5,5,6,4,4,5,5,3,6,2,1,0,0,Willow,Russian Blue
CAT_01280,Female,5,5,5,4,3,6,6,4,6,4,1,0,0,Piper,Ragdoll
CAT_01281,Female,4,5,2,2,2,3,6,3,4,5,1,0,0,Luna,Abyssinian
CAT_01282,Female,2,5,7,6,3,4,6,6,4,5,1,0,0,Daisy,Burmese
CAT_01283,Male,4,5,6,6,4,5,4,5,5,3,0,1,0,Jasper,Maine Coon
CAT_01284,Female,4,5,7,6,4,3,4,4,2,1,1,0,0,Lola,Ragdoll
CAT_01285,Male,1,5,7,4,6,7,6,6,4,1,0,1,0,Maximus,Savannah
CAT_01286,Male,2,4,7,7,6,6,6,7,4,3,0,1,0,Oliver,British Shorthair
CAT_01287,Male,1,3,7,7,5,7,6,7,4,3,0,1,0,Leo,Norwegian Forest Cat
CAT_01288,Female,3,7,5,2,3,7,2,1,3,2,1,0,0,Blaze,Ocicat
CAT_01289,Female,3,4,6,6,3,6,6,6,3,2,1,0,0,Willow,Siamese
CAT_01290,Female,4,3,2,2,3,2,4,2,6,3,1,0,0,Onyx,Russian Blue
CAT_01291,Female,3,4,4,6,5,6,6,6,6,4,1,0,0,Luna,British Shorthair
CAT_01292,Male,2,5,7,6,4,6,4,5,4,5,0,1,0,Jasper,Ragdoll
CAT_01293,Female,6,5,6,4,1,5,6,4,5,2,1,0,0,Zelda,Sphynx
CAT_01294,Male,2,5,7,6,7,5,5,5,4,1,0,1,0,Leo,Maine Coon
CAT_01295,Male,6,6,3,4,2,5,4,4,3,1,0,1,0,Riot,Devon Rex
CAT_01296,Female,2,3,6,5,1,1,6,6,6,4,1,0,0,Mochi,British Longhair
CAT_01297,Male,2,5,6,6,4,7,6,6,6,3,0,1,0,Thane,Abyssinian
CAT_01298,Female,2,4,6,4,2,6,5,4,4,6,1,0,0,Onyx,Russian Blue
CAT_01299,Female,2,5,6,4,6,4,4,3,3,4,1,0,0,Piper,Ocicat
CAT_01300,Female,5,4,5,4,5,4,6,4,4,4,1,0,0,Sage,Siberian
CAT_01301,Female,5,6,4,4,4,7,6,4,2,4,1,0,0,Luna,Abyssinian
CAT_01302,Female,3,6,6,6,4,7,6,4,7,2,1,0,0,Akira,Balinese
CAT_01303,Male,4,4,2,2,1,7,4,2,7,5,0,1,0,Brutus,British Shorthair
CAT_01304,Male,3,3,6,5,3,7,6,4,5,1,0,1,0,Jasper,Korat
CAT_01305,Female,2,6,7,4,5,7,6,4,6,3,1,0,0,Cleo,Maine Coon
CAT_01306,Female,4,5,4,2,7,1,6,3,4,2,1,0,0,Mochi,Chartreux
CAT_01307,Female,3,5,6,6,2,7,6,6,4,3,1,0,0,Sora,Russian Blue
CAT_01308,Female,6,5,4,5,5,6,6,5,4,2,1,0,0,Nova,Siamese
CAT_01309,Male,2,6,7,5,7,7,4,2,4,4,0,1,0,Atlas,Norwegian Forest Cat
CAT_01310,Male,5,5,4,3,2,2,4,2,4,1,0,1,0,Thane,British Longhair
CAT_01311,Male,2,3,6,6,3,7,5,6,3,3,0,1,0,Buster,Abyssinian
CAT_01312,Female,4,6,5,6,3,4,7,6,7,4,1,0,0,Whiskers,Balinese
CAT_01313,Male,4,4,4,4,1,1,3,2,6,5,0,1,0,Gizmo,British Shorthair
CAT_01314,Female,4,5,4,5,1,7,6,4,6,6,1,0,0,Raven,Siamese
CAT_01315,Female,2,4,7,6,4,5,4,6,2,3,1,0,0,Luna,Ragdoll
CAT_01316,Female,1,4,6,5,2,7,3,3,4,6,1,0,0,Cleo,Maine Coon
CAT_01317,Female,4,6,6,4,2,6,6,6,6,4,1,0,0,Onyx,Egyptian Mau
CAT_01318,Female,2,5,6,5,1,5,4,4,4,5,1,0,0,Lola,Ocicat
CAT_01319,Male,4,6,6,6,4,4,6,5,5,4,0,1,0,Jasper,Norwegian Forest Cat
CAT_01320,Male,4,6,6,2,4,6,5,4,4,4,0,1,0,Thane,Bengal
CAT_01321,Male,3,6,7,6,6,7,6,6,4,3,0,1,0,Rufus,Abyssinian
CAT_01322,Male,4,6,4,4,3,2,4,4,4,5,0,1,0,Brutus,British Shorthair
CAT_01323,Female,4,6,4,4,3,1,6,4,5,2,1,0,0,Loki,Korat
CAT_01324,Female,3,6,6,4,2,7,6,4,5,5,1,0,0,Onyx,Ocicat
CAT_01325,Female,7,3,4,4,1,7,4,3,3,3,1,0,0,Whiskers,Sphynx
CAT_01326,Male,6,7,4,4,3,7,7,6,4,3,0,1,0,Blaze,Abyssinian
CAT_01327,Unknown,1,6,7,4,2,5,5,6,3,5,0,0,1,Mochi,Domestic Shorthair
CAT_01328,Female,4,4,4,4,4,2,5,4,4,4,1,0,0,Misty,Domestic Shorthair
CAT_01329,Male,4,5,6,6,6,7,5,5,5,5,0,1,0,Jasper,Maine Coon
CAT_01330,Female,4,5,4,4,4,5,4,2,6,5,1,0,0,Pixie,Singapura
CAT_01331,Female,3,4,6,6,3,2,5,5,4,2,1,0,0,Luna,Abyssinian
CAT_01332,Male,6,5,4,6,6,4,6,6,6,2,0,1,0,Jasper,Korat
CAT_01333,Male,2,5,7,6,6,6,6,6,4,3,0,1,0,Romeo,Maine Coon
CAT_01334,Male,3,6,6,6,4,7,6,6,4,3,0,1,0,Blaze,Abyssinian
CAT_01335,Male,4,4,6,5,4,3,6,4,4,5,0,1,0,Maverick,British Shorthair
CAT_01336,Female,4,6,6,4,5,6,5,4,6,3,1,0,0,Onyx,Balinese
CAT_01337,Female,5,4,5,3,3,3,4,2,6,5,1,0,0,Raven,Sphynx
CAT_01338,Female,6,5,6,4,1,7,6,4,6,6,1,0,0,Vesper,Siamese
CAT_01339,Female,4,5,4,5,2,5,6,6,6,5,1,0,0,Ophelia,Russian Blue
CAT_01340,Male,2,5,5,6,5,6,6,6,4,6,0,1,0,Hunter,Norwegian Forest Cat
CAT_01341,Female,2,5,6,5,4,5,4,4,4,2,1,0,0,Luna,British Shorthair
CAT_01342,Female,6,3,4,5,2,6,4,4,5,2,1,0,0,Onyx,Birman
CAT_01343,Unknown,2,5,7,6,3,7,7,6,4,4,0,0,1,Zephyr,Abyssinian
CAT_01344,Female,4,5,6,4,4,7,4,4,5,4,1,0,0,Willow,Norwegian Forest Cat
CAT_01345,Male,2,4,6,6,6,5,5,4,3,2,0,1,0,Jasper,Maine Coon
CAT_01346,Female,6,3,6,4,3,1,6,4,3,3,1,0,0,Lila,Russian Blue
CAT_01347,Female,6,4,3,4,5,3,7,4,4,1,1,0,0,Sphinx,Singapura
CAT_01348,Male,4,5,4,2,3,3,4,3,6,4,0,1,0,Thane,Ocicat
CAT_01349,Female,4,6,7,6,6,2,5,6,4,1,1,0,0,Aurora,Devon Rex
CAT_01350,Male,3,5,6,3,5,5,6,4,4,4,0,1,0,Orion,Bengal
CAT_01351,Female,1,3,6,2,5,5,6,4,4,4,1,0,0,Luna,British Shorthair
CAT_01352,Male,4,3,6,2,2,5,4,4,4,5,0,1,0,Rocky,American Bobtail
CAT_01353,Female,1,5,4,4,2,5,6,5,4,3,1,0,0,Zara,Abyssinian
CAT_01354,Male,4,5,6,6,1,5,6,6,4,6,0,1,0,Apollo,Maine Coon
CAT_01355,Female,3,5,6,4,6,3,6,4,4,1,1,0,0,Willow,Ragdoll
CAT_01356,Male,1,3,7,7,7,3,7,7,4,3,0,1,0,Simba,Persian
CAT_01357,Male,5,4,4,2,1,7,5,3,5,2,0,1,0,Kaiser,Siberian
CAT_01358,Male,3,5,6,6,4,5,4,4,5,4,0,1,0,Hunter,Norwegian Forest Cat
CAT_01359,Male,5,5,4,4,4,4,4,4,5,5,0,1,0,Thane,Bengal
CAT_01360,Female,3,2,6,6,4,7,5,5,4,2,1,0,0,Lyra,Birman
CAT_01361,Female,4,2,4,6,2,6,4,6,2,2,1,0,0,Luna,British Longhair
CAT_01362,Unknown,5,5,5,4,1,3,4,2,4,4,0,0,1,Onyx,Ocicat
CAT_01363,Female,2,6,7,5,4,7,6,6,4,5,1,0,0,Ziggy,Maine Coon
CAT_01364,Male,2,6,7,7,6,7,6,6,4,1,0,1,0,Jasper,Ragdoll
CAT_01365,Male,1,4,7,7,4,6,6,6,4,4,0,1,0,Orion,Norwegian Forest Cat
CAT_01366,Female,2,4,7,7,4,7,4,4,4,1,1,0,0,Cleo,British Shorthair
CAT_01367,Female,4,5,2,2,4,5,4,2,6,4,1,0,0,Raven,Sphynx
CAT_01368,Female,4,4,6,4,3,5,6,6,5,3,1,0,0,Lyra,Balinese
CAT_01369,Female,3,3,4,6,2,7,3,2,4,2,1,0,0,Lola,Korat
CAT_01370,Female,4,3,2,4,3,7,6,4,5,1,1,0,0,Onyxia,Siberian
CAT_01371,Female,2,3,6,6,1,3,3,4,4,6,1,0,0,Luna,Abyssinian
CAT_01372,Female,5,6,2,3,2,7,6,4,6,5,1,0,0,Onyx,Ocicat
CAT_01373,Male,2,5,7,6,7,6,4,4,4,2,0,1,0,Maximus,Maine Coon
CAT_01374,Female,4,6,4,7,4,7,7,7,6,5,1,0,0,Akira,Balinese
CAT_01375,Male,2,5,5,6,1,7,6,5,6,3,0,1,0,Blaze,Bengal
CAT_01376,Female,1,5,5,6,7,7,6,6,4,1,1,0,0,Seraphina,Norwegian Forest Cat
CAT_01377,Female,1,5,6,7,4,5,7,7,4,2,1,0,0,Lila,Ragdoll
CAT_01378,Female,6,6,4,6,6,3,6,6,5,2,1,0,0,Ravenna,Siamese
CAT_01379,Male,4,5,6,5,6,7,6,5,4,2,0,1,0,Jasper,British Shorthair
CAT_01380,Male,2,5,6,6,6,7,5,6,5,3,0,1,0,Orion,Siberian
CAT_01381,Male,4,3,6,6,7,1,4,4,6,1,0,1,0,Brock,British Shorthair
CAT_01382,Female,2,5,6,6,3,7,6,6,4,2,1,0,0,Luna,Abyssinian
CAT_01383,Female,4,2,4,4,1,6,4,3,5,7,1,0,0,Ophelia,Cymric
CAT_01384,Male,4,6,3,2,3,2,6,4,6,3,0,1,0,Jager,American Bobtail
CAT_01385,Male,4,7,6,4,6,5,5,6,4,4,0,1,0,Thane,Bengal
CAT_01386,Female,1,5,6,7,6,7,7,7,6,1,1,0,0,Aurora,Ocicat
CAT_01387,Female,4,6,6,5,2,7,6,5,4,4,1,0,0,Zara,Siamese
CAT_01388,Female,3,2,2,4,3,1,4,3,6,4,1,0,0,Lylah,Manx
CAT_01389,Female,5,3,5,4,4,5,4,4,6,6,1,0,0,Kaida,Norwegian Forest Cat
CAT_01390,Female,2,5,6,4,4,6,4,4,5,2,1,0,0,Sasha,Burmese
CAT_01391,Male,3,4,6,4,4,6,6,5,4,4,0,1,0,Brock,Abyssinian
CAT_01392,Male,4,4,5,5,3,6,4,4,4,3,0,1,0,Jasper,British Shorthair
CAT_01393,Male,3,2,5,6,2,5,4,4,6,5,0,1,0,Mellow,Maine Coon
CAT_01394,Male,3,6,6,6,5,7,4,4,6,6,0,1,0,Blaze,Bengal
CAT_01395,Male,2,5,6,4,1,5,4,3,4,3,0,1,0,Ranger,Savannah
CAT_01396,Female,2,6,6,5,3,6,5,4,4,2,1,0,0,Luna,Abyssinian
CAT_01397,Female,4,4,4,3,2,7,4,3,4,5,1,0,0,Onyx,Sphynx
CAT_01398,Female,1,3,7,5,3,5,4,4,3,2,1,0,0,Daisy,Ragdoll
CAT_01399,Male,4,6,6,6,5,5,5,5,4,3,0,1,0,Thane,Norwegian Forest Cat
CAT_01400,Female,2,4,6,5,4,4,4,4,4,4,1,0,0,Willow,British Longhair
CAT_01401,Male,3,6,4,4,3,6,2,3,4,5,0,1,0,Boris,Abyssinian
CAT_01402,Male,2,4,7,6,6,6,4,5,4,3,0,1,0,Jasper,Ragdoll
CAT_01403,Female,4,4,5,5,6,6,6,6,5,3,1,0,0,Luna,Balinese
CAT_01404,Male,5,5,7,5,3,7,6,6,4,4,0,1,0,Khan,Bengal
CAT_01405,Male,3,4,5,6,4,5,4,4,4,3,0,1,0,Felix,British Shorthair
CAT_01406,Male,2,3,7,6,6,6,4,5,4,3,0,1,0,Cooper,Maine Coon
CAT_01407,Male,2,4,5,4,1,7,4,4,4,4,0,1,0,Rocky,Abyssinian
CAT_01408,Male,7,6,4,4,1,7,4,1,6,6,0,1,0,Brutus,Sphynx
CAT_01409,Male,6,4,4,5,3,3,5,4,3,3,0,1,0,Thane,British Longhair
CAT_01410,Male,4,4,6,6,5,4,6,6,5,2,0,1,0,Oliver,Persian
CAT_01411,Female,1,4,6,5,2,5,2,2,6,5,1,0,0,Luna,Abyssinian
CAT_01412,Female,4,5,4,4,4,6,4,2,5,3,1,0,0,Onyx,British Shorthair
CAT_01413,Female,5,5,6,2,2,7,4,2,3,4,1,0,0,Zara,Siamese
CAT_01414,Male,4,5,6,5,4,1,3,4,2,4,0,1,0,Jasper,Ragdoll
CAT_01415,Female,4,4,4,6,4,1,6,6,6,1,1,0,0,Clementine,Persian
CAT_01416,Female,4,4,5,4,3,7,5,4,6,5,1,0,0,Raven,Maine Coon
CAT_01417,Male,1,6,7,6,7,7,6,4,4,4,0,1,0,Blaze,Abyssinian
CAT_01418,Female,5,5,4,4,2,5,5,3,5,4,1,0,0,Vesper,British Longhair
CAT_01419,Male,3,4,5,5,2,7,5,4,4,3,0,1,0,Gatsby,Norwegian Forest Cat
CAT_01420,Male,4,4,6,5,6,5,6,4,3,2,0,1,0,Orion,Siberian
CAT_01421,Male,2,6,7,6,5,5,6,6,4,1,0,1,0,Max,Abyssinian
CAT_01422,Female,2,5,6,6,4,7,6,6,4,2,1,0,0,Luna,British Shorthair
CAT_01423,Female,4,5,6,6,7,7,4,6,4,4,1,0,0,Akira,Burmese
CAT_01424,Female,1,4,6,3,2,7,4,4,3,7,1,0,0,Odessa,Sphynx
CAT_01425,Female,1,4,7,7,4,5,6,6,4,2,1,0,0,Willow,Maine Coon
CAT_01426,Female,2,4,6,5,4,7,4,4,5,3,1,0,0,Lola,Ocicat
CAT_01427,Female,3,5,6,6,6,7,7,6,4,1,1,0,0,Nova,Havana Brown
CAT_01428,Male,1,6,7,6,3,5,6,5,4,2,0,1,0,Jasper,American Bobtail
CAT_01429,Male,2,2,6,6,4,6,4,6,4,2,0,1,0,Mochi,British Longhair
CAT_01430,Female,4,5,4,5,2,6,6,5,4,3,1,0,0,Raven,Norwegian Forest Cat
CAT_01431,Female,1,3,7,6,4,5,6,6,6,3,1,0,0,Luna,British Longhair
CAT_01432,Female,1,4,6,7,7,7,6,6,4,2,1,0,0,Daisy,Birman
CAT_01433,Male,2,4,6,6,4,6,6,6,4,5,0,1,0,Jasper,Norwegian Forest Cat
CAT_01434,Female,2,3,6,6,3,6,6,6,5,4,1,0,0,Whiskers,Ragdoll
CAT_01435,Male,3,2,4,4,2,1,4,2,6,7,0,1,0,Brutus,Sphynx
CAT_01436,Female,3,5,7,6,3,7,6,6,6,6,1,0,0,Aurora,Abyssinian
CAT_01437,Female,2,3,6,6,1,6,7,6,6,6,1,0,0,Lola,Russian Blue
CAT_01438,Male,4,3,6,6,6,6,6,6,6,3,0,1,0,Oliver,Maine Coon
CAT_01439,Female,3,5,5,4,3,4,6,6,6,5,1,0,0,Raven,Bombay
CAT_01440,Female,5,3,4,4,2,3,4,4,4,3,1,0,0,Onyx,Persian
CAT_01441,Male,6,4,5,4,4,5,4,3,4,2,0,1,0,Brock,Oriental Shorthair
CAT_01442,Male,3,5,5,5,7,5,6,6,4,1,0,1,0,Jasper,Abyssinian
CAT_01443,Female,5,4,6,6,1,7,6,6,5,5,1,0,0,Onyx,Siamese
CAT_01444,Female,3,4,4,4,3,5,4,3,4,5,1,0,0,Luna,British Shorthair
CAT_01445,Female,4,5,5,6,5,5,5,5,4,4,1,0,0,Whiskers,Maine Coon
CAT_01446,Female,4,3,6,6,2,6,4,5,5,2,1,0,0,Piper,Ragdoll
CAT_01447,Female,2,4,5,3,3,6,6,3,5,5,1,0,0,Sage,Korat
CAT_01448,Female,4,4,5,5,4,5,3,4,4,3,1,0,0,Clio,Siberian
CAT_01449,Female,2,3,5,6,4,3,4,4,4,3,1,0,0,Remi,Norwegian Forest Cat
CAT_01450,Female,6,5,6,4,7,7,6,4,5,2,1,0,0,Xanthe,Savannah
CAT_01451,Female,4,5,4,5,2,4,5,4,4,5,1,0,0,Luna,Abyssinian
CAT_01452,Male,6,5,4,4,2,6,5,4,5,4,0,1,0,Jasper,British Shorthair
CAT_01453,Male,4,6,4,4,5,7,3,4,5,3,0,1,0,Nitro,Abyssinian
CAT_01454,Male,2,5,6,5,6,7,4,4,5,2,0,1,0,Apollo,Ragdoll
CAT_01455,Unknown,4,1,6,6,6,2,6,6,4,2,0,0,1,Mochi,Persian
CAT_01456,Female,6,3,4,4,4,5,4,3,6,4,1,0,0,Raven,British Longhair
CAT_01457,Female,2,2,7,4,4,5,6,4,4,3,1,0,0,Gracie,Siberian
CAT_01458,Female,6,5,6,5,1,1,4,2,3,2,1,0,0,Sphinx,Sphynx
CAT_01459,Female,4,5,6,3,5,5,4,3,4,4,1,0,0,Willow,Norwegian Forest Cat
CAT_01460,Male,2,3,7,6,4,7,4,7,4,4,0,1,0,Bentley,Maine Coon
CAT_01461,Male,2,3,6,6,1,7,6,6,4,7,0,1,0,Boris,Abyssinian
CAT_01462,Male,6,6,2,2,3,5,4,2,6,2,0,1,0,Brutus,Korat
CAT_01463,Male,5,5,4,3,2,6,5,4,5,5,0,1,0,Jasper,British Shorthair
CAT_01464,Male,4,5,2,6,7,3,4,4,2,2,0,1,0,Whiskers,Ragdoll
CAT_01465,Female,3,5,6,4,4,6,6,5,4,5,1,0,0,Luna,Siberian
CAT_01466,Female,5,3,3,3,2,2,4,3,5,3,1,0,0,Midge,Manx
CAT_01467,Female,2,5,5,4,4,7,6,3,6,2,1,0,0,Sasha,Siamese
CAT_01468,Male,2,4,6,4,4,5,5,3,4,4,0,1,0,Felix,Norwegian Forest Cat
CAT_01469,Male,1,4,6,6,5,5,6,6,4,2,0,1,0,Simba,Maine Coon
CAT_01470,Male,2,4,6,6,5,5,5,6,4,2,0,1,0,Gatsby,British Longhair
CAT_01471,Male,4,7,2,3,4,6,6,4,4,6,0,1,0,Riot,Abyssinian
CAT_01472,Female,4,4,7,4,2,7,5,4,4,2,1,0,0,Luna,Birman
CAT_01473,Female,6,6,5,2,2,7,2,2,3,3,1,0,0,Onyx,Sphynx
CAT_01474,Male,3,4,4,6,4,7,4,4,4,4,0,1,0,Cooper,Maine Coon
CAT_01475,Female,4,5,6,5,3,7,6,5,4,2,1,0,0,Whiskers,Norwegian Forest Cat
CAT_01476,Female,4,4,4,2,3,6,4,3,4,4,1,0,0,Lola,British Shorthair
CAT_01477,Male,4,5,5,4,4,5,4,4,4,5,0,1,0,Jasper,Siberian
CAT_01478,Male,4,5,4,4,4,5,5,4,4,5,0,1,0,Rocky,Ocicat
CAT_01479,Male,6,4,6,2,4,7,5,4,4,2,0,1,0,Thane,Devon Rex
CAT_01480,Male,4,5,6,5,3,7,6,5,2,5,0,1,0,Maverick,Savannah
CAT_01481,Male,1,4,6,7,7,4,6,6,4,2,0,1,0,Maverick,Abyssinian
CAT_01482,Female,3,5,6,6,1,2,5,5,4,3,1,0,0,Luna,British Shorthair
CAT_01483,Female,2,3,6,4,2,3,4,3,6,6,1,0,0,Gracie,Maine Coon
CAT_01484,Female,2,4,7,4,1,6,6,4,3,6,1,0,0,Sassy,Siamese
CAT_01485,Male,1,7,7,7,7,7,6,7,4,2,0,1,0,Apollo,Abyssinian
CAT_01486,Unknown,4,6,7,4,3,7,4,4,4,6,0,0,1,Onyx,Ocicat
CAT_01487,Female,3,4,4,4,3,5,4,4,4,4,1,0,0,Lola,Korat
CAT_01488,Female,2,7,7,6,3,7,6,6,6,3,1,0,0,Akira,Sphynx
CAT_01489,Male,3,5,6,6,5,7,6,6,4,4,0,1,0,Jasper,Bengal
CAT_01490,Male,2,5,6,6,2,5,4,4,4,6,0,1,0,Hunter,Russian Blue
CAT_01491,Female,2,6,6,5,1,6,5,4,6,6,1,0,0,Luna,Abyssinian
CAT_01492,Female,2,4,5,6,7,7,4,4,6,7,1,0,0,Daisy,Birman
CAT_01493,Male,2,4,6,7,4,7,6,6,3,2,0,1,0,Jasper,Maine Coon
CAT_01494,Female,1,5,7,6,1,7,5,4,6,6,1,0,0,Astrid,Abyssinian
CAT_01495,Male,2,2,6,6,2,5,4,4,4,6,0,1,0,Mochi,British Shorthair
CAT_01496,Female,6,5,2,3,4,4,4,4,3,3,1,0,0,Xanthe,Sphynx
CAT_01497,Male,2,4,6,7,6,3,6,6,5,2,0,1,0,Finn,Maine Coon
CAT_01498,Female,1,5,1,7,1,6,7,7,4,1,1,0,0,Zephyr,Siamese
CAT_01499,Male,5,4,6,6,7,6,4,6,2,1,0,1,0,Ragnar,Savannah
CAT_01500,Unknown,1,6,7,7,7,5,7,7,4,5,0,0,1,Onyx,Ocicat
CAT_01501,Female,5,5,6,3,1,6,4,2,4,3,1,0,0,Luna,British Shorthair
CAT_01502,Male,7,4,2,2,1,7,4,4,4,2,0,1,0,Brutus,Sphynx
CAT_01503,Female,4,2,2,4,2,6,3,4,2,3,1,0,0,Muffin,British Longhair
CAT_01504,Female,6,6,2,4,6,4,6,4,4,1,1,0,0,Zephyr,Abyssinian
CAT_01505,Female,5,4,4,4,1,1,4,2,5,5,1,0,0,Onyx,Russian Blue
CAT_01506,Female,6,6,6,4,3,6,5,4,4,5,1,0,0,Calypso,Maine Coon
CAT_01507,Male,3,4,4,6,3,7,6,4,6,3,0,1,0,Jasper,Ragdoll
CAT_01508,Female,6,6,6,5,1,6,4,4,4,5,1,0,0,Oolonga,Ocicat
CAT_01509,Female,4,5,6,2,1,6,4,2,4,4,1,0,0,Sable,Norwegian Forest Cat
CAT_01510,Male,1,5,7,7,7,3,6,7,5,1,0,1,0,Maximilian,Persian
CAT_01511,Female,4,5,6,6,3,7,4,4,6,4,1,0,0,Luna,Abyssinian
CAT_01512,Female,5,5,6,6,4,7,6,6,3,1,1,0,0,Astrid,Balinese
CAT_01513,Female,3,5,4,4,2,7,4,3,6,6,1,0,0,Whiskers,Siamese
CAT_01514,Female,2,6,6,6,1,7,3,3,4,3,1,0,0,Zephyr,Abyssinian
CAT_01515,Female,2,5,7,7,4,7,6,6,4,4,1,0,0,Cleo,Ragdoll
CAT_01516,Male,3,4,4,6,4,2,5,5,5,2,0,1,0,Jasper,British Shorthair
CAT_01517,Male,4,4,3,3,1,6,6,5,6,4,0,1,0,Thane,Russian Blue
CAT_01518,Unknown,5,3,6,4,6,3,4,3,4,3,0,0,1,Mochi,Ocicat
CAT_01519,Female,5,5,6,5,2,6,4,4,4,3,1,0,0,Onyx,Burmese
CAT_01520,Female,4,5,5,5,3,6,4,4,4,3,1,0,0,Piper,Chartreux
CAT_01521,Male,4,3,6,6,5,7,4,4,4,4,0,1,0,Rocket,Abyssinian
CAT_01522,Male,2,3,5,5,5,1,4,4,4,3,0,1,0,Brutus,British Shorthair
CAT_01523,Female,2,7,4,4,3,7,6,5,5,5,1,0,0,Zephyr,Siamese
CAT_01524,Male,3,6,6,4,4,5,5,4,3,5,0,1,0,Jasper,American Bobtail
CAT_01525,Male,4,5,6,4,2,7,3,2,4,5,0,1,0,Loki,Savannah
CAT_01526,Female,5,4,4,4,1,4,5,4,6,3,1,0,0,Onyx,Ocicat
CAT_01527,Male,2,7,6,2,3,7,6,3,4,4,0,1,0,Thane,Abyssinian
CAT_01528,Female,2,5,7,4,2,7,5,5,5,2,1,0,0,Luna,Ragdoll
CAT_01529,Female,6,4,4,2,1,5,4,2,4,6,1,0,0,Raven,Siberian
CAT_01530,Male,3,3,6,6,4,2,4,4,6,1,0,1,0,Mellow,Maine Coon
CAT_01531,Female,3,6,6,4,3,6,5,4,4,3,1,0,0,Luna,Abyssinian
CAT_01532,Female,2,4,7,7,4,7,6,6,6,2,1,0,0,Gracie,Ragdoll
CAT_01533,Male,5,5,4,4,4,6,5,4,4,4,0,1,0,Jasper,American Bobtail
CAT_01534,Male,3,5,7,4,1,6,5,4,4,6,0,1,0,Maverick,Ocicat
CAT_01535,Female,4,5,4,6,2,6,2,4,4,3,1,0,0,Whiskers,British Longhair
CAT_01536,Female,4,3,5,6,1,1,4,4,4,4,1,0,0,Misty,Maine Coon
CAT_01537,Male,2,4,7,7,7,4,6,6,6,1,0,1,0,Cooper,Sphynx
CAT_01538,Female,4,5,6,4,3,6,5,4,5,3,1,0,0,Cleo,Norwegian Forest Cat
CAT_01539,Male,2,5,4,5,4,5,4,4,6,4,0,1,0,Finn,American Curl
CAT_01540,Female,4,6,6,5,7,6,6,5,4,1,1,0,0,Nova,Siberian
CAT_01541,Male,2,5,7,7,5,7,6,6,4,2,0,1,0,Max,Abyssinian
CAT_01542,Female,5,4,4,3,2,5,6,4,4,1,1,0,0,Luna,British Longhair
CAT_01543,Female,2,5,6,4,3,7,6,4,4,2,1,0,0,Aria,Balinese
CAT_01544,Male,4,4,2,4,3,5,6,4,6,4,0,1,0,Jasper,Russian Blue
CAT_01545,Female,2,5,7,6,2,5,3,5,5,5,1,0,0,Onyx,Norwegian Forest Cat
CAT_01546,Male,4,3,6,7,1,7,6,6,6,7,0,1,0,Romeo,Maine Coon
CAT_01547,Male,5,5,3,4,3,5,3,2,4,3,0,1,0,Thane,American Bobtail
CAT_01548,Female,4,5,6,6,2,3,5,4,4,5,1,0,0,Willow,Siberian
CAT_01549,Female,5,5,4,3,4,3,6,4,4,1,1,0,0,Piper,Ocicat
CAT_01550,Male,4,6,7,5,4,7,4,5,3,3,0,1,0,Hunter,Bengal
CAT_01551,Female,4,5,4,3,5,7,4,4,4,3,1,0,0,Luna,Abyssinian
CAT_01552,Female,4,4,4,4,5,5,4,4,5,4,1,0,0,Daphne,British Shorthair
CAT_01553,Female,2,5,6,6,3,4,4,4,6,5,1,0,0,Jasmine,Siamese
CAT_01554,Male,4,4,5,6,5,6,5,5,4,3,0,1,0,Finn,Maine Coon
CAT_01555,Female,3,6,6,4,3,6,6,4,4,4,1,0,0,Akira,Abyssinian
CAT_01556,Male,2,4,4,4,4,6,6,4,6,2,0,1,0,Orion,Norwegian Forest Cat
CAT_01557,Female,4,6,6,2,1,7,4,1,3,5,1,0,0,Raven,Sphynx
CAT_01558,Male,2,6,6,6,4,5,6,6,6,4,0,1,0,Thane,Bengal
CAT_01559,Female,2,4,6,6,4,6,4,5,4,1,1,0,0,Piper,Ragdoll
CAT_01560,Male,1,4,7,7,4,4,6,6,6,2,0,1,0,Apollo,Persian
CAT_01561,Female,2,6,6,4,4,7,4,4,4,4,1,0,0,Luna,British Longhair
CAT_01562,Male,4,2,6,4,1,6,6,4,6,6,0,1,0,Jasper,Russian Blue
CAT_01563,Male,4,4,6,4,2,6,6,5,5,5,0,1,0,Finn,Maine Coon
CAT_01564,Male,1,6,7,7,4,7,7,7,4,3,0,1,0,Apollo,Abyssinian
CAT_01565,Female,4,5,6,5,3,6,6,5,4,4,1,0,0,Whiskers,Birman
CAT_01566,Female,2,5,5,6,4,7,2,4,6,5,1,0,0,Lola,Norwegian Forest Cat
CAT_01567,Female,1,5,6,6,7,4,6,6,6,3,1,0,0,Daisy,Ragdoll
CAT_01568,Male,6,3,7,4,4,6,5,4,4,1,0,1,0,Nero,British Shorthair
CAT_01569,Male,3,5,6,4,4,3,6,5,4,3,0,1,0,Maverick,Siberian
CAT_01570,Male,1,4,7,6,3,6,4,4,3,3,0,1,0,Cody,Bengal
CAT_01571,Male,1,5,6,4,5,7,6,4,6,5,0,1,0,Rocket,Abyssinian
CAT_01572,Female,5,5,4,3,1,7,6,4,6,1,1,0,0,Onyx,British Longhair
CAT_01573,Male,2,5,6,6,1,7,6,6,6,6,0,1,0,Thane,Maine Coon
CAT_01574,Female,2,6,7,4,1,7,4,3,4,5,1,0,0,Luna,Siamese
CAT_01575,Male,2,5,7,4,4,3,6,5,4,3,0,1,0,Jasper,Ragdoll
CAT_01576,Male,2,4,6,4,4,5,6,4,4,4,0,1,0,Finn,Domestic Shorthair
CAT_01577,Female,4,3,6,4,2,2,4,4,5,3,1,0,0,Misty,Birman
CAT_01578,Female,1,1,7,7,4,7,4,5,4,3,1,0,0,Daisy,Persian
CAT_01579,Female,3,5,6,6,6,6,6,5,6,4,1,0,0,Saffron,Norwegian Forest Cat
CAT_01580,Male,1,5,6,7,7,3,4,4,4,1,0,1,0,Baxter,Bombay
CAT_01581,Female,4,5,2,3,2,5,6,4,6,3,1,0,0,Luna,Abyssinian
CAT_01582,Female,1,6,4,5,1,7,5,5,4,3,1,0,0,Zuzu,Abyssinian
CAT_01583,Female,1,4,6,6,6,7,6,6,4,3,1,0,0,Daisy,Ragdoll
CAT_01584,Male,4,6,5,3,2,4,6,4,5,6,0,1,0,Baron,Ocicat
CAT_01585,Female,3,4,6,6,5,5,4,5,4,3,1,0,0,Lola,Birman
CAT_01586,Male,2,5,7,5,4,3,7,6,5,1,0,1,0,Maxim,Maine Coon
CAT_01587,Female,5,5,6,6,6,5,6,6,4,2,1,0,0,Ophelia,Norwegian Forest Cat
CAT_01588,Male,2,5,6,4,3,7,6,5,4,3,0,1,0,Hunter,Siamese
CAT_01589,Female,5,6,6,4,2,7,4,2,5,3,1,0,0,Raven,Savannah
CAT_01590,Female,1,5,7,6,4,7,6,6,4,5,1,0,0,Aurora,Siberian
CAT_01591,Female,6,7,2,2,2,5,6,4,4,5,1,0,0,Luna,Abyssinian
CAT_01592,Female,3,4,5,6,5,6,4,4,4,3,1,0,0,Daisy,Birman
CAT_01593,Male,4,5,6,4,4,1,4,4,4,3,0,1,0,Jasper,American Bobtail
CAT_01594,Female,6,5,1,2,1,7,6,2,4,1,1,0,0,Sassy,Sphynx
CAT_01595,Female,6,4,4,3,4,5,4,2,5,4,1,0,0,Whiskers,Devon Rex
CAT_01596,Female,4,5,6,6,4,2,4,4,6,2,1,0,0,Lola,Maine Coon
CAT_01597,Female,5,5,6,5,4,3,7,6,3,1,1,0,0,Cleo,Siberian
CAT_01598,Female,2,5,7,5,1,6,4,4,4,4,1,0,0,Gracie,Korat
CAT_01599,Male,2,6,4,4,3,7,6,4,5,5,0,1,0,Thane,Bombay
CAT_01600,Female,5,3,4,3,4,3,4,4,2,2,1,0,0,Mimi,Russian Blue
CAT_01601,Male,4,5,3,4,3,5,6,5,6,3,0,1,0,Kaiser,Abyssinian
CAT_01602,Male,2,4,6,4,2,7,4,2,6,3,0,1,0,Django,British Shorthair
CAT_01603,Male,7,6,2,1,1,1,4,1,1,1,0,1,0,Scorch,Sphynx
CAT_01604,Female,3,2,4,5,1,2,2,3,4,6,1,0,0,Luna,Ragdoll
CAT_01605,Male,4,5,4,2,2,6,2,2,5,4,0,1,0,Thane,American Bobtail
CAT_01606,Male,3,4,4,4,2,3,4,4,5,5,0,1,0,Jasper,Maine Coon
CAT_01607,Female,1,5,7,6,4,7,5,5,5,2,1,0,0,Nova,Siamese
CAT_01608,Male,5,6,6,5,7,6,7,6,5,7,0,1,0,Onyx,Ocicat
CAT_01609,Male,6,4,6,2,1,5,4,2,4,1,0,1,0,Ragnar,Devon Rex
CAT_01610,Female,5,5,6,4,1,6,6,4,6,3,1,0,0,Oreo,Norwegian Forest Cat
CAT_01611,Female,4,4,4,4,2,5,4,4,6,4,1,0,0,Luna,British Shorthair
CAT_01612,Female,4,3,2,4,3,2,4,4,4,4,1,0,0,Midge,British Longhair
CAT_01613,Female,2,5,6,6,5,7,4,4,5,3,1,0,0,Zing,Abyssinian
CAT_01614,Male,3,4,4,5,3,4,5,5,4,3,0,1,0,Baxter,Maine Coon
CAT_01615,Female,2,5,6,6,6,5,6,6,4,3,1,0,0,Sasha,Ragdoll
CAT_01616,Male,4,3,4,6,4,7,4,4,4,3,0,1,0,Jasper,Norwegian Forest Cat
CAT_01617,Female,2,3,7,6,2,2,4,6,4,4,1,0,0,Lylah,Siberian
CAT_01618,Male,2,6,4,4,1,4,4,2,6,7,0,1,0,Thane,Ocicat
CAT_01619,Female,3,6,4,6,1,6,6,5,6,3,1,0,0,Onyx,Savannah
CAT_01620,Male,4,4,6,4,2,7,2,3,3,6,0,1,0,Gatsby,Sphynx
CAT_01621,Male,3,6,7,6,1,7,4,5,6,7,0,1,0,Ranger,Abyssinian
CAT_01622,Female,3,3,7,6,1,7,4,5,5,6,1,0,0,Luna,British Longhair
CAT_01623,Female,4,5,5,6,6,1,4,4,4,2,1,0,0,Mochi,Korat
CAT_01624,Female,4,6,6,5,1,7,6,6,6,6,1,0,0,Onyx,Ocicat
CAT_01625,Male,4,4,6,6,5,7,4,5,4,2,0,1,0,Jasper,Norwegian Forest Cat
CAT_01626,Male,1,6,7,6,1,7,7,6,4,4,0,1,0,Apollo,Abyssinian
CAT_01627,Male,6,5,6,4,4,4,5,3,4,5,0,1,0,Bruiser,Siamese
CAT_01628,Male,2,5,7,7,4,6,4,6,2,3,0,1,0,Finn,Maine Coon
CAT_01629,Female,2,4,6,6,4,6,5,5,4,2,1,0,0,Piper,British Shorthair
CAT_01630,Male,3,3,5,6,4,7,5,5,7,4,0,1,0,Thane,Russian Blue
CAT_01631,Male,4,6,4,4,6,6,6,6,6,2,0,1,0,Rufus,Abyssinian
CAT_01632,Female,1,5,7,7,7,5,6,7,4,3,1,0,0,Luna,Ragdoll
CAT_01633,Female,3,4,6,5,1,1,5,4,4,4,1,0,0,Whiskers,British Shorthair
CAT_01634,Female,4,6,4,2,1,6,5,2,4,7,1,0,0,Onyx,Savannah
CAT_01635,Male,5,3,7,6,4,5,4,6,4,1,0,1,0,Jasper,Maine Coon
CAT_01636,Female,2,4,6,6,2,1,5,4,6,2,1,0,0,Lola,British Longhair
CAT_01637,Female,3,5,6,6,4,7,4,4,4,4,1,0,0,Zara,Siamese
CAT_01638,Female,3,4,6,4,4,4,4,4,4,3,1,0,0,Mimi,Domestic Shorthair
CAT_01639,Female,6,3,3,2,1,2,4,3,4,5,1,0,0,Raven,Sphynx
CAT_01640,Female,4,3,6,4,3,6,5,4,5,2,1,0,0,Cleo,Norwegian Forest Cat
CAT_01641,Female,6,5,6,4,3,3,4,2,3,3,1,0,0,Luna,British Shorthair
CAT_01642,Male,2,4,6,6,5,2,5,5,5,2,0,1,0,Jasper,Maine Coon
CAT_01643,Female,4,5,6,6,1,4,6,6,4,3,1,0,0,Willow,Siamese
CAT_01644,Male,2,4,6,5,6,6,6,6,4,3,0,1,0,Leo,Abyssinian
CAT_01645,Female,3,3,6,4,4,4,3,2,5,2,1,0,0,Mimi,Domestic Shorthair
CAT_01646,Male,4,5,5,4,5,6,4,4,6,6,0,1,0,Brutus,Russian Blue
CAT_01647,Female,1,5,7,7,1,7,6,7,4,6,1,0,0,Cleo,Persian
CAT_01648,Male,2,6,6,4,4,4,4,3,4,5,0,1,0,Rocky,Bengal
CAT_01649,Male,2,5,7,5,3,6,6,4,4,5,0,1,0,Finn,Norwegian Forest Cat
CAT_01650,Male,5,4,1,3,1,7,6,4,5,6,0,1,0,Thane,Sphynx
CAT_01651,Male,3,5,6,6,5,5,6,6,4,4,0,1,0,Max,British Shorthair
CAT_01652,Female,7,3,6,4,1,2,4,2,6,1,1,0,0,Luna,Russian Blue
CAT_01653,Female,2,6,7,6,3,7,6,6,4,2,1,0,0,Aria,Abyssinian
CAT_01654,Female,2,5,6,6,4,7,4,4,6,3,1,0,0,Lola,Maine Coon
CAT_01655,Male,2,5,5,5,1,7,5,4,5,5,0,1,0,Jasper,Bengal
CAT_01656,Female,4,5,6,5,1,7,5,5,5,2,1,0,0,Whiskers,Sphynx
CAT_01657,Female,2,4,6,6,4,4,4,5,6,3,1,0,0,Cleo,Norwegian Forest Cat
CAT_01658,Female,4,4,6,6,3,3,6,6,4,3,1,0,0,Piper,Chartreux
CAT_01659,Female,2,4,6,6,2,4,5,6,4,5,1,0,0,Sasha,Siberian
CAT_01660,Male,4,4,3,4,3,6,6,4,6,4,0,1,0,Thane,Ocicat
CAT_01661,Female,1,4,7,7,4,2,4,5,4,2,1,0,0,Luna,British Shorthair
CAT_01662,Unknown,1,5,6,5,3,7,7,6,4,2,0,0,1,Blaze,Abyssinian
CAT_01663,Male,2,2,4,4,4,7,5,4,6,4,0,1,0,Jasper,British Longhair
CAT_01664,Female,7,6,4,3,4,7,6,4,4,3,1,0,0,Raven,Siamese
CAT_01665,Male,4,5,6,4,3,5,5,4,4,4,0,1,0,Onyx,Ocicat
CAT_01666,Male,4,3,4,4,5,1,5,4,4,2,0,1,0,Gus,Maine Coon
CAT_01667,Female,1,3,7,7,4,3,4,6,4,1,1,0,0,Daisy,Ragdoll
CAT_01668,Female,4,5,4,4,4,5,5,5,4,4,1,0,0,Whiskers,Norwegian Forest Cat
CAT_01669,Female,4,5,6,6,3,7,5,6,4,3,1,0,0,Cleo,Burmese
CAT_01670,Female,4,4,6,6,3,5,5,5,4,5,1,0,0,Oozie,Siberian
CAT_01671,Female,4,4,6,4,1,5,4,4,5,6,1,0,0,Luna,Abyssinian
CAT_01672,Female,1,2,4,6,4,7,4,4,4,4,1,0,0,Muffin,British Longhair
CAT_01673,Female,2,6,6,3,2,6,4,2,4,6,1,0,0,Jazz,Abyssinian
CAT_01674,Male,2,5,6,4,1,2,4,4,6,7,0,1,0,Titan,Russian Blue
CAT_01675,Female,4,3,5,4,3,5,5,4,4,3,1,0,0,Whiskers,Exotic Shorthair
CAT_01676,Female,3,5,5,5,5,5,6,5,4,2,1,0,0,Harmony,Maine Coon
CAT_01677,Male,1,3,1,6,1,1,2,4,1,3,0,1,0,Bingo,Korat
CAT_01678,Male,3,5,6,6,2,7,5,5,6,2,0,1,0,Ragnar,Norwegian Forest Cat
CAT_01679,Male,2,4,6,6,3,7,4,4,6,4,0,1,0,Kai,American Shorthair
CAT_01680,Female,2,6,7,5,5,7,6,5,4,3,1,0,0,Ophelia,Siberian
CAT_01681,Male,5,4,5,5,4,6,4,4,4,4,0,1,0,Rufus,Abyssinian
CAT_01682,Male,3,7,7,6,1,7,7,6,5,2,0,1,0,Blaze,Bengal
CAT_01683,Female,3,5,4,6,2,5,4,4,6,5,1,0,0,Luna,Abyssinian
CAT_01684,Male,5,3,3,4,3,6,6,4,6,4,0,1,0,Jasper,British Shorthair
CAT_01685,Male,3,3,6,5,4,3,4,4,5,4,0,1,0,Finn,Maine Coon
CAT_01686,Male,2,5,7,4,2,7,2,2,3,6,0,1,0,Rocky,Abyssinian
CAT_01687,Female,4,4,5,5,6,4,6,5,4,2,1,0,0,Cleo,British Longhair
CAT_01688,Male,2,4,6,4,3,7,4,4,4,3,0,1,0,Leo,Siamese
CAT_01689,Male,4,4,6,6,4,6,5,4,6,5,0,1,0,Gideon,Norwegian Forest Cat
CAT_01690,Female,1,3,5,5,4,5,4,4,6,5,1,0,0,Willow,Ragdoll
CAT_01691,Female,2,5,7,6,4,5,6,6,4,4,1,0,0,Luna,Abyssinian
CAT_01692,Male,3,4,6,4,2,5,4,5,5,4,0,1,0,Jasper,British Shorthair
CAT_01693,Male,4,5,3,4,4,5,4,4,5,3,0,1,0,Finn,American Bobtail
CAT_01694,Female,5,5,5,3,2,6,3,2,6,5,1,0,0,Onyx,Sphynx
CAT_01695,Female,2,4,7,6,3,6,6,6,5,5,1,0,0,Daisy,Maine Coon
CAT_01696,Male,2,6,7,6,2,7,4,4,4,3,0,1,0,Blaze,Savannah
CAT_01697,Female,5,4,6,4,1,7,6,4,6,5,1,0,0,Raven,Ocicat
CAT_01698,Female,7,3,4,4,1,7,4,4,5,1,1,0,0,Sable,Russian Blue
CAT_01699,Female,3,4,4,5,2,6,4,4,6,3,1,0,0,Willow,Devon Rex
CAT_01700,Female,5,5,5,3,1,3,4,3,4,5,1,0,0,Piper,Norwegian Forest Cat
CAT_01701,Male,2,5,6,6,4,5,6,6,6,4,0,1,0,Rocket,Abyssinian
CAT_01702,Male,3,5,6,5,4,7,4,4,4,4,0,1,0,Jasper,British Shorthair
CAT_01703,Male,1,6,7,7,7,7,6,7,4,2,0,1,0,Apollo,Maine Coon
CAT_01704,Male,5,5,6,4,5,3,4,3,4,2,0,1,0,Buster,Russian Blue
CAT_01705,Male,2,5,6,6,5,5,6,6,6,2,0,1,0,Maverick,Bengal
CAT_01706,Male,1,5,7,7,2,6,6,6,4,6,0,1,0,Zeus,Siamese
CAT_01707,Female,1,5,7,6,1,7,4,6,4,6,1,0,0,Onyx,Persian
CAT_01708,Male,2,4,6,6,1,7,7,6,7,3,0,1,0,Caspian,Ocicat
CAT_01709,Female,2,6,6,6,3,6,5,5,4,2,1,0,0,Akira,Norwegian Forest Cat
CAT_01710,Male,5,5,6,5,4,6,6,4,2,4,0,1,0,Hunter,Siberian
CAT_01711,Male,2,5,2,4,5,6,3,2,6,1,0,1,0,Ranger,Abyssinian
CAT_01712,Male,3,3,5,6,2,3,4,4,6,3,0,1,0,Jasper,British Shorthair
CAT_01713,Female,4,4,4,4,2,6,3,2,4,5,1,0,0,Onyx,Siamese
CAT_01714,Female,5,4,4,4,2,5,4,3,3,4,1,0,0,Luna,Tonkinese
CAT_01715,Female,4,6,6,4,4,5,4,4,4,4,1,0,0,Daisy,Bengal
CAT_01716,Female,6,4,6,3,2,5,5,3,3,3,1,0,0,Sable,Ocicat
CAT_01717,Male,2,5,7,4,5,5,6,6,4,2,0,1,0,Maximus,Siberian
CAT_01718,Male,5,6,6,4,4,2,5,3,4,5,0,1,0,Thane,Savannah
CAT_01719,Female,3,6,6,6,1,7,4,4,6,3,1,0,0,Xanthe,Norwegian Forest Cat
CAT_01720,Female,3,5,6,4,2,7,7,4,6,3,1,0,0,Akira,Maine Coon
CAT_01721,Female,2,5,4,6,1,7,6,6,6,7,1,0,0,Luna,British Shorthair
CAT_01722,Female,2,4,6,6,4,5,4,4,4,3,1,0,0,Muffin,Ragdoll
CAT_01723,Female,1,2,6,7,1,2,4,6,6,7,1,0,0,Gracie,Maine Coon
CAT_01724,Male,4,5,4,4,5,5,4,4,6,3,0,1,0,Jasper,Ocicat
CAT_01725,Female,5,4,6,5,4,6,4,4,6,5,1,0,0,Whiskers,Balinese
CAT_01726,Male,6,5,4,4,5,5,6,2,6,4,0,1,0,Rocky,Abyssinian
CAT_01727,Female,6,4,5,4,2,5,4,5,4,3,1,0,0,Sassy,Siamese
CAT_01728,Male,2,4,6,6,4,4,6,6,6,3,0,1,0,Finn,Norwegian Forest Cat
CAT_01729,Female,2,4,6,4,3,7,4,2,6,4,1,0,0,Onyx,Egyptian Mau
CAT_01730,Female,1,5,7,7,5,2,5,7,4,2,1,0,0,Cleo,Persian
CAT_01731,Male,5,6,4,5,5,3,6,4,4,4,0,1,0,Boris,Abyssinian
CAT_01732,Male,4,4,6,6,4,1,2,5,4,2,0,1,0,Whiskers,British Longhair
CAT_01733,Male,2,5,6,6,6,3,6,6,4,1,0,1,0,Simba,Maine Coon
CAT_01734,Female,2,4,6,4,3,7,5,4,4,5,1,0,0,Luna,Siamese
CAT_01735,Male,5,4,6,4,4,5,5,5,5,2,0,1,0,Jasper,British Shorthair
CAT_01736,Female,4,4,5,4,3,5,5,4,4,5,1,0,0,Midge,Birman
CAT_01737,Male,4,4,3,2,2,2,3,2,6,5,0,1,0,Scorch,Korat
CAT_01738,Female,5,4,5,5,2,1,4,4,4,2,1,0,0,Piper,Russian Blue
CAT_01739,Male,5,6,2,2,2,7,4,2,4,4,0,1,0,Ripley,Savannah
CAT_01740,Male,2,5,6,6,7,5,5,6,4,2,0,1,0,Finnley,Norwegian Forest Cat
CAT_01741,Male,1,5,6,6,6,5,6,6,4,3,0,1,0,Milo,Domestic Shorthair
CAT_01742,Male,5,5,4,4,7,6,6,6,6,3,0,1,0,Jasper,Abyssinian
CAT_01743,Male,2,7,4,7,1,7,7,7,4,4,0,1,0,Zephyr,Ocicat
CAT_01744,Female,2,4,5,6,3,5,5,5,4,3,1,0,0,Luna,British Shorthair
CAT_01745,Female,4,5,6,6,4,6,6,5,4,3,1,0,0,Lila,Maine Coon
CAT_01746,Male,2,4,6,4,5,6,5,4,6,2,0,1,0,Finn,Singapura
CAT_01747,Female,4,5,2,4,3,1,5,2,6,2,1,0,0,Sable,Cornish Rex
CAT_01748,Female,3,3,6,5,4,3,6,5,6,3,1,0,0,Cleo,Russian Blue
CAT_01749,Male,2,5,4,6,5,4,4,5,6,1,0,1,0,Gatsby,Norwegian Forest Cat
CAT_01750,Male,3,3,6,6,3,6,4,4,4,5,0,1,0,Thane,Bengal
CAT_01751,Male,3,4,6,4,3,5,6,5,4,4,0,1,0,Kai,Abyssinian
CAT_01752,Male,5,5,6,4,1,5,2,2,3,3,0,1,0,Binx,Cornish Rex
CAT_01753,Female,2,4,6,6,2,6,6,6,4,3,1,0,0,Luna,British Longhair
CAT_01754,Male,6,4,6,6,4,2,6,6,4,4,0,1,0,Onyx,Ragdoll
CAT_01755,Male,3,5,6,6,7,4,6,6,4,1,0,1,0,Jasper,Maine Coon
CAT_01756,Male,2,6,7,6,5,2,5,6,6,5,0,1,0,Zephyr,Savannah
CAT_01757,Female,4,5,4,4,3,3,4,4,4,4,1,0,0,Midge,Siberian
CAT_01758,Female,2,4,5,4,1,6,4,4,4,6,1,0,0,Lyra,Tonkinese
CAT_01759,Male,4,3,2,4,3,5,4,3,6,6,0,1,0,Thane,Norwegian Forest Cat
CAT_01760,Male,3,5,4,3,2,6,4,4,5,3,0,1,0,Ripley,Bombay
CAT_01761,Male,4,3,5,3,3,4,4,4,5,5,0,1,0,Bruiser,Abyssinian
CAT_01762,Female,2,5,6,5,3,7,5,3,6,6,1,0,0,Luna,Siamese
CAT_01763,Male,2,5,7,6,5,7,4,4,4,1,0,1,0,Finn,Maine Coon
CAT_01764,Male,2,5,7,6,1,6,4,5,4,5,0,1,0,Onyx,Ocicat
CAT_01765,Female,2,5,7,7,5,7,6,6,3,1,1,0,0,Aria,Ragdoll
CAT_01766,Female,2,5,4,4,4,1,4,4,6,4,1,0,0,Mochi,Korat
CAT_01767,Male,4,5,6,4,4,5,4,3,4,4,0,1,0,Jasper,British Shorthair
CAT_01768,Male,4,6,6,4,4,7,6,6,4,3,0,1,0,Thane,Abyssinian
CAT_01769,Male,1,6,7,4,3,7,6,4,4,4,0,1,0,Apollo,Siberian
CAT_01770,Male,3,3,6,4,2,7,5,5,6,4,0,1,0,Gatsby,Norwegian Forest Cat
CAT_01771,Male,4,5,4,4,2,5,5,4,5,4,0,1,0,Rocket,Abyssinian
CAT_01772,Female,7,3,6,6,7,4,3,5,2,1,1,0,0,Luna,Birman
CAT_01773,Male,7,6,4,3,5,6,1,1,2,2,0,1,0,Jager,Abyssinian
CAT_01774,Male,2,4,6,4,5,5,4,4,4,2,0,1,0,Finn,British Shorthair
CAT_01775,Female,3,5,3,2,2,7,7,5,6,5,1,0,0,Blaze,Savannah
CAT_01776,Male,6,6,5,6,2,5,4,6,4,2,0,1,0,Thane,Maine Coon
CAT_01777,Male,7,3,7,4,4,1,6,4,4,2,0,1,0,Atlas,Ragdoll
CAT_01778,Male,1,2,6,6,4,6,2,5,3,3,0,1,0,Gus,Russian Blue
CAT_01779,Female,2,4,6,6,2,5,3,4,4,5,1,0,0,Astrid,Norwegian Forest Cat
CAT_01780,Male,2,5,6,4,3,3,4,4,6,2,0,1,0,Jasper,Siberian
CAT_01781,Male,1,5,6,7,7,1,6,6,4,1,0,1,0,Rocket,Abyssinian
CAT_01782,Female,4,5,5,4,2,6,6,5,4,5,1,0,0,Luna,British Shorthair
CAT_01783,Male,2,4,6,4,1,5,4,4,7,6,0,1,0,Jasper,Maine Coon
CAT_01784,Male,4,4,7,6,2,5,5,6,6,1,0,1,0,Atlas,Ragdoll
CAT_01785,Male,2,6,6,4,5,6,6,6,6,5,0,1,0,Thane,Bengal
CAT_01786,Female,6,3,3,5,1,2,3,4,5,5,1,0,0,Ophelia,Siamese
CAT_01787,Male,2,5,6,4,4,6,6,5,6,5,0,1,0,Hunter,American Bobtail
CAT_01788,Male,4,4,5,4,3,5,6,4,6,3,0,1,0,Maverick,Norwegian Forest Cat
CAT_01789,Female,3,4,4,6,2,1,2,4,4,3,1,0,0,Lola,Singapura
CAT_01790,Male,2,7,7,5,5,7,6,4,4,2,0,1,0,Blaze,Savannah
CAT_01791,Male,1,4,7,6,7,1,6,6,4,2,0,1,0,Finn,Oriental Shorthair
CAT_01792,Male,4,5,6,4,4,7,5,4,4,3,0,1,0,Brutus,British Shorthair
CAT_01793,Male,2,4,6,5,4,6,5,4,6,5,0,1,0,Jasper,Maine Coon
CAT_01794,Female,1,5,6,3,1,7,4,2,4,7,1,0,0,Sassy,Siamese
CAT_01795,Female,6,5,4,2,2,7,2,2,4,4,1,0,0,Onyx,Abyssinian
CAT_01796,Male,4,6,4,6,7,7,7,6,6,4,0,1,0,Titan,Bengal
CAT_01797,Male,4,4,6,4,3,6,3,3,4,2,0,1,0,Rusty,Savannah
CAT_01798,Male,3,6,6,6,2,6,6,6,6,4,0,1,0,Hunter,Ocicat
CAT_01799,Male,2,6,5,4,4,7,5,4,4,4,0,1,0,Blaze,American Bobtail
CAT_01800,Male,2,5,7,7,7,4,5,6,4,4,0,1,0,Maximilian,Ragdoll
CAT_01801,Female,2,4,4,4,4,5,4,4,6,3,1,0,0,Luna,Abyssinian
CAT_01802,Female,1,6,6,5,6,7,4,4,4,6,1,0,0,Jazz,Abyssinian
CAT_01803,Male,2,2,4,6,1,3,4,4,5,5,0,1,0,Miko,British Shorthair
CAT_01804,Male,1,7,7,6,7,6,7,6,4,2,0,1,0,Apollo,Abyssinian
CAT_01805,Female,6,6,4,4,4,7,6,4,4,1,1,0,0,Onyx,Sphynx
CAT_01806,Male,2,6,7,6,6,7,6,5,4,4,0,1,0,Loki,Maine Coon
CAT_01807,Male,2,2,6,4,2,7,6,4,6,6,0,1,0,Kaiser,Norwegian Forest Cat
CAT_01808,Male,6,5,6,4,4,7,4,1,4,2,0,1,0,Zephyr,Devon Rex
CAT_01809,Male,2,2,4,6,2,3,2,3,6,3,0,1,0,Jasper,Manx
CAT_01810,Male,4,4,2,4,4,5,4,4,6,5,0,1,0,Thane,Russian Blue
CAT_01811,Female,3,5,6,6,4,6,7,6,4,1,1,0,0,Luna,British Shorthair
CAT_01812,Male,3,6,4,6,1,7,7,6,6,5,0,1,0,Jasper,Abyssinian
CAT_01813,Male,2,4,6,6,2,7,4,4,6,7,0,1,0,Finn,Maine Coon
CAT_01814,Female,5,5,6,4,6,6,6,4,4,3,1,0,0,Piper,Siamese
CAT_01815,Female,2,4,6,6,5,7,5,5,4,2,1,0,0,Willow,Ragdoll
CAT_01816,Female,1,3,6,5,2,3,4,3,4,3,1,0,0,Mabel,British Longhair
CAT_01817,Male,6,3,6,7,3,7,6,6,6,6,0,1,0,Onyx,Norwegian Forest Cat
CAT_01818,Female,5,3,5,6,2,6,4,4,5,1,1,0,0,Lila,Ocicat
CAT_01819,Female,3,4,4,6,3,5,6,5,4,3,1,0,0,Clio,Balinese
CAT_01820,Male,4,5,6,5,2,6,5,5,4,4,0,1,0,Maverick,Bengal
CAT_01821,Male,3,4,5,5,4,5,5,5,6,5,0,1,0,Rocket,British Shorthair
CAT_01822,Male,5,1,2,4,1,1,4,5,4,3,0,1,0,Balthazar,British Longhair
CAT_01823,Male,4,5,7,6,5,7,4,4,4,3,0,1,0,Apollo,Abyssinian
CAT_01824,Female,1,5,7,6,2,7,7,6,4,5,1,0,0,Luna,Siamese
CAT_01825,Male,6,6,1,2,1,7,5,3,7,7,0,1,0,Kaiser,Sphynx
CAT_01826,Male,2,5,6,4,2,6,4,4,4,4,0,1,0,Jasper,Devon Rex
CAT_01827,Female,2,4,5,6,2,7,4,6,6,3,1,0,0,Sapphire,Korat
CAT_01828,Male,4,5,4,4,5,6,5,4,4,6,0,1,0,Thane,Russian Blue
CAT_01829,Male,3,6,6,6,5,7,6,6,5,2,0,1,0,Blaze,Maine Coon
CAT_01830,Female,5,4,6,4,1,6,4,3,4,5,1,0,0,Raven,Norwegian Forest Cat
CAT_01831,Female,3,5,2,5,2,1,4,4,6,5,1,0,0,Luna,Abyssinian
CAT_01832,Male,2,5,6,6,4,2,6,6,3,2,0,1,0,Jasper,Burmese
CAT_01833,Female,6,5,6,2,1,7,4,3,4,1,1,0,0,Onyx,Siamese
CAT_01834,Unknown,4,5,6,4,1,7,6,5,2,6,0,0,1,Rhapsody,Ocicat
CAT_01835,Female,2,5,4,4,4,7,5,4,6,4,1,0,0,Piper,Balinese
CAT_01836,Female,4,4,6,6,3,7,6,6,4,2,1,0,0,Willow,Ragdoll
CAT_01837,Male,3,3,4,4,4,3,4,3,4,3,0,1,0,Mochi,Norwegian Forest Cat
CAT_01838,Female,1,5,6,6,4,7,6,6,4,3,1,0,0,Aurora,Tonkinese
CAT_01839,Male,1,5,7,7,3,7,4,5,4,3,0,1,0,Blaze,Abyssinian
CAT_01840,Female,6,6,7,4,4,7,5,4,2,1,1,0,0,Raven,Savannah
CAT_01841,Female,4,3,6,6,2,7,2,4,4,3,1,0,0,Luna,Abyssinian
CAT_01842,Female,6,3,3,3,4,7,4,3,5,1,1,0,0,Onyx,British Shorthair
CAT_01843,Female,4,5,6,2,4,6,4,2,5,5,1,0,0,Akira,Abyssinian
CAT_01844,Unknown,7,4,2,3,4,3,4,2,4,1,0,0,1,Scorch,Russian Blue
CAT_01845,Male,2,5,6,6,2,5,5,5,5,6,0,1,0,Blaze,Maine Coon
CAT_01846,Female,4,4,2,4,4,2,4,3,6,1,1,0,0,Kaida,Chartreux
CAT_01847,Male,3,4,5,5,5,5,4,4,6,4,0,1,0,Jasper,Korat
CAT_01848,Male,5,4,6,4,5,6,6,4,6,4,0,1,0,Orion,Abyssinian
CAT_01849,Male,1,5,6,7,5,7,6,6,4,6,0,1,0,Titan,Norwegian Forest Cat
CAT_01850,Male,5,4,4,4,2,2,4,4,4,4,0,1,0,Thane,British Longhair
CAT_01851,Female,3,4,6,7,5,3,5,6,5,3,1,0,0,Luna,Ragdoll
CAT_01852,Female,6,3,7,5,1,2,7,5,7,1,1,0,0,Ophelia,British Longhair
CAT_01853,Male,1,5,6,6,5,3,4,4,4,3,0,1,0,Jasper,Maine Coon
CAT_01854,Female,6,3,2,2,1,2,2,1,4,1,1,0,0,Brutus,Sphynx
CAT_01855,Male,1,4,4,5,4,6,5,5,6,3,0,1,0,Maverick,Norwegian Forest Cat
CAT_01856,Male,1,5,7,6,4,6,6,6,4,4,0,1,0,Apollo,Siberian
CAT_01857,Male,2,5,6,3,4,6,4,3,5,5,0,1,0,Ranger,Abyssinian
CAT_01858,Male,2,5,7,6,5,6,4,4,4,7,0,1,0,Titan,American Bobtail
CAT_01859,Female,7,4,4,6,2,2,3,4,2,7,1,0,0,Onyx,Ocicat
CAT_01860,Female,4,3,2,4,2,5,4,4,6,5,1,0,0,Lyra,Burmese
CAT_01861,Male,2,6,4,4,1,7,6,6,6,7,0,1,0,Riot,Abyssinian
CAT_01862,Male,4,6,6,5,3,7,5,4,6,5,0,1,0,Jasper,Korat
CAT_01863,Female,2,7,7,2,5,7,4,3,3,6,1,0,0,Luna,Egyptian Mau
CAT_01864,Female,4,4,2,6,3,4,5,6,5,3,1,0,0,Midge,British Shorthair
CAT_01865,Male,3,4,6,6,3,6,6,6,2,3,0,1,0,Baxter,Maine Coon
CAT_01866,Unknown,4,5,6,4,6,6,6,4,6,2,0,0,1,Sage,Balinese
CAT_01867,Male,3,4,4,6,5,6,3,4,6,5,0,1,0,Thane,American Bobtail
CAT_01868,Female,3,4,7,2,3,5,5,3,7,6,1,0,0,Onyx,Siamese
CAT_01869,Male,5,4,4,4,5,6,4,4,2,3,0,1,0,Bruiser,Russian Blue
CAT_01870,Male,3,4,7,3,2,7,4,3,3,2,0,1,0,Loki,Bengal
CAT_01871,Male,5,5,5,4,4,5,5,5,4,3,0,1,0,Rocket,Abyssinian
CAT_01872,Male,3,4,6,6,5,5,6,5,6,5,0,1,0,Mochi,Burmese
CAT_01873,Unknown,1,5,6,6,4,7,6,6,7,5,0,0,1,Zing,Siamese
CAT_01874,Male,2,3,6,6,1,6,6,5,6,3,0,1,0,Jasper,British Shorthair
CAT_01875,Male,4,4,5,4,4,3,4,4,4,3,0,1,0,Gizmo,Domestic Shorthair
CAT_01876,Male,2,6,7,6,6,7,6,4,6,3,0,1,0,Nitro,Abyssinian
CAT_01877,Male,3,3,6,6,4,3,4,4,4,3,0,1,0,Baxter,Siberian
CAT_01878,Male,6,5,6,4,2,6,7,4,6,6,0,1,0,Chaos,Ocicat
CAT_01879,Female,4,6,4,3,1,6,5,2,4,3,1,0,0,Onyx,Sphynx
CAT_01880,Male,3,5,6,3,3,6,5,4,6,4,0,1,0,Thane,Tonkinese
CAT_01881,Male,2,5,7,3,2,6,4,4,4,3,0,1,0,Marvin,Abyssinian
CAT_01882,Male,1,5,6,7,5,5,6,7,4,3,0,1,0,Jasper,British Shorthair
CAT_01883,Female,6,5,4,5,3,2,6,4,6,4,1,0,0,Luna,Siamese
CAT_01884,Male,2,4,6,6,5,5,6,6,4,1,0,1,0,Felix,Ragdoll
CAT_01885,Male,3,5,6,6,3,7,6,4,4,4,0,1,0,Blaze,Maine Coon
CAT_01886,Female,5,6,6,6,4,7,6,5,3,3,1,0,0,Onyx,Ocicat
CAT_01887,Male,3,6,6,4,1,2,6,4,6,7,0,1,0,Kaiser,Savannah
CAT_01888,Male,4,6,5,3,5,7,2,2,6,5,0,1,0,Gatsby,American Bobtail
CAT_01889,Male,3,6,6,5,4,5,6,4,6,4,0,1,0,Hunter,Siberian
CAT_01890,Female,4,3,2,3,1,4,4,3,6,6,1,0,0,Scout,Sphynx
CAT_01891,Male,1,5,6,6,4,6,6,6,4,1,0,1,0,Bodi,Abyssinian
CAT_01892,Female,4,4,4,4,1,7,6,4,6,4,1,0,0,Lola,British Shorthair
CAT_01893,Male,4,4,6,5,3,6,6,4,4,3,0,1,0,Jasper,Maine Coon
CAT_01894,Male,5,4,5,4,4,6,6,6,6,4,0,1,0,Finn,Norwegian Forest Cat
CAT_01895,Male,6,4,4,2,5,5,6,4,4,3,0,1,0,Gizmo,Siamese
CAT_01896,Male,3,5,6,5,4,5,5,4,5,2,0,1,0,Hunter,Oriental Shorthair
CAT_01897,Female,1,4,4,2,4,6,6,4,4,5,1,0,0,Luna,Russian Blue
CAT_01898,Male,1,6,6,7,2,7,4,4,6,6,0,1,0,Blaze,Bengal
CAT_01899,Male,5,4,4,4,4,7,6,4,7,6,0,1,0,Onyx,Savannah
CAT_01900,Female,1,6,7,4,2,7,4,2,6,3,1,0,0,Akira,Ragdoll
CAT_01901,Female,4,5,6,6,1,4,4,4,4,5,1,0,0,Luna,Abyssinian
CAT_01902,Female,2,5,6,5,2,2,6,6,6,4,1,0,0,Daisy,British Longhair
CAT_01903,Female,6,4,5,4,1,5,2,2,4,3,1,0,0,Onyx,Sphynx
CAT_01904,Male,2,5,7,6,7,1,6,5,6,1,0,1,0,Jasper,Ragdoll
CAT_01905,Female,4,5,2,3,2,6,6,4,6,2,1,0,0,Whiskey,Siamese
CAT_01906,Male,4,3,5,4,4,7,5,3,2,1,0,1,0,Boris,Maine Coon
CAT_01907,Female,6,4,2,4,2,5,2,2,5,4,1,0,0,Raven,Norwegian Forest Cat
CAT_01908,Male,4,4,6,6,3,6,6,5,5,3,0,1,0,Felix,Siberian
CAT_01909,Female,6,3,4,5,2,7,4,3,4,3,1,0,0,Lola,Devon Rex
CAT_01910,Female,3,5,6,4,3,5,6,4,4,4,1,0,0,Cleo,Burmese
CAT_01911,Male,4,5,7,6,4,3,4,6,4,3,0,1,0,Rufus,British Shorthair
CAT_01912,Female,6,3,3,5,1,4,4,6,5,3,1,0,0,Luna,Cymric
CAT_01913,Male,4,5,6,4,2,7,6,6,6,5,0,1,0,Jasper,Abyssinian
CAT_01914,Male,2,5,6,6,3,6,6,5,2,4,0,1,0,Felix,Maine Coon
CAT_01915,Female,4,4,6,4,2,5,5,4,4,5,1,0,0,Whiskers,British Longhair
CAT_01916,Female,7,5,4,2,3,7,3,2,4,3,1,0,0,Onyx,Sphynx
CAT_01917,Female,1,4,6,4,1,6,6,6,6,4,1,0,0,Lola,Devon Rex
CAT_01918,Male,1,4,7,3,4,2,4,2,4,2,0,1,0,Miko,Russian Blue
CAT_01919,Male,3,3,6,6,3,4,5,5,6,4,0,1,0,Cooper,Norwegian Forest Cat
CAT_01920,Female,2,4,4,5,1,7,4,4,6,2,1,0,0,Cleo,Ragdoll
CAT_01921,Female,6,3,5,4,2,5,4,4,4,3,1,0,0,Luna,British Shorthair
CAT_01922,Female,3,5,6,4,7,6,6,4,3,3,1,0,0,Daisy,Abyssinian
CAT_01923,Male,3,4,4,4,6,7,5,4,4,3,0,1,0,Jasper,Russian Blue
CAT_01924,Male,2,6,6,4,2,7,7,5,4,3,0,1,0,Onyx,Ocicat
CAT_01925,Female,2,6,7,6,7,7,4,4,3,2,1,0,0,Willow,Ragdoll
CAT_01926,Female,3,5,6,3,1,7,4,2,6,1,1,0,0,Sassy,Sphynx
CAT_01927,Female,4,4,4,4,2,6,4,3,4,4,1,0,0,Midge,Chartreux
CAT_01928,Female,2,2,6,6,2,2,4,4,5,4,1,0,0,Muffin,Siberian
CAT_01929,Male,1,4,5,7,2,7,6,6,3,2,0,1,0,Simba,Maine Coon
CAT_01930,Male,2,5,6,4,3,7,6,5,6,6,0,1,0,Thane,Bengal
CAT_01931,Male,1,3,6,2,4,2,5,4,4,4,0,1,0,Buster,Domestic Shorthair
CAT_01932,Male,2,5,7,4,5,5,6,4,6,1,0,1,0,Jasper,Abyssinian
CAT_01933,Female,2,3,6,4,2,6,4,4,6,4,1,0,0,Luna,British Longhair
CAT_01934,Female,5,5,7,5,1,2,6,5,5,5,1,0,0,Onyx,Ocicat
CAT_01935,Female,2,5,6,6,4,6,5,6,6,4,1,0,0,Whiskers,Maine Coon
CAT_01936,Female,4,4,6,6,4,7,4,5,6,2,1,0,0,Raven,Ragdoll
CAT_01937,Female,2,5,5,6,3,7,4,6,6,2,1,0,0,Lola,Siamese
CAT_01938,Female,5,7,6,6,3,3,6,5,4,4,1,0,0,Zephyr,Bengal
CAT_01939,Male,2,5,6,5,5,5,6,5,3,3,0,1,0,Gatsby,American Shorthair
CAT_01940,Male,2,3,7,6,2,2,4,4,6,5,0,1,0,Thane,British Shorthair
CAT_01941,Male,2,3,4,4,3,2,4,4,4,6,0,1,0,Odin,Abyssinian
CAT_01942,Male,2,6,6,6,6,5,6,6,5,1,0,1,0,Blaze,Bengal
CAT_01943,Female,2,5,6,5,2,2,5,4,6,6,1,0,0,Luna,Abyssinian
CAT_01944,Male,2,2,7,6,3,5,4,6,2,1,0,1,0,Mochi,Ragdoll
CAT_01945,Male,3,5,7,4,4,5,6,4,4,3,0,1,0,Jasper,Maine Coon
CAT_01946,Female,6,5,5,4,3,6,4,2,2,3,1,0,0,Ripley,Sphynx
CAT_01947,Female,2,5,6,6,3,6,7,6,6,2,1,0,0,Akira,Siamese
CAT_01948,Female,5,5,6,4,4,6,5,4,5,2,1,0,0,Onyx,Ocicat
CAT_01949,Female,3,5,6,6,4,4,4,5,4,3,1,0,0,Piper,Norwegian Forest Cat
CAT_01950,Female,3,4,6,6,3,7,7,6,4,2,1,0,0,Lyra,Siberian
CAT_01951,Male,2,3,4,4,2,5,4,2,4,5,0,1,0,Rufus,British Shorthair
CAT_01952,Male,4,3,6,5,1,7,5,4,4,7,0,1,0,Baron,Abyssinian
CAT_01953,Male,2,3,4,6,4,6,4,4,4,2,0,1,0,Jasper,Maine Coon
CAT_01954,Female,5,6,6,4,3,5,4,4,4,5,1,0,0,Whiskers,Ocicat
CAT_01955,Male,1,2,7,7,6,2,4,6,4,1,0,1,0,Mellow,Ragdoll
CAT_01956,Female,4,4,4,6,2,7,6,6,4,5,1,0,0,Luna,Siberian
CAT_01957,Male,4,4,6,6,1,6,7,6,5,1,0,1,0,Zeus,Bengal
CAT_01958,Male,2,2,4,6,4,6,6,6,6,1,0,1,0,Finn,Norwegian Forest Cat
CAT_01959,Female,2,3,4,6,4,2,5,6,4,4,1,0,0,Daisy,Birman
CAT_01960,Female,4,4,6,4,4,5,4,4,4,4,1,0,0,Cleo,Exotic Shorthair
CAT_01961,Female,3,4,4,4,1,2,4,4,6,7,1,0,0,Luna,British Shorthair
CAT_01962,Female,4,1,7,6,1,7,5,5,2,1,1,0,0,Gracie,Ragdoll
CAT_01963,Female,4,5,3,3,7,6,4,2,4,5,1,0,0,Onyx,Abyssinian
CAT_01964,Female,4,5,7,6,2,4,6,6,4,4,1,0,0,Willow,Maine Coon
CAT_01965,Female,2,4,6,4,4,7,4,4,5,4,1,0,0,Cleo,British Longhair
CAT_01966,Female,3,6,4,4,4,7,6,5,6,6,1,0,0,Jinx,Norwegian Forest Cat
CAT_01967,Female,4,4,6,6,4,5,4,4,2,2,1,0,0,Lola,Siberian
CAT_01968,Male,6,4,2,4,4,7,2,3,4,7,0,1,0,Kaiser,Russian Blue
CAT_01969,Male,6,4,4,5,5,7,4,3,6,3,0,1,0,Thane,Savannah
CAT_01970,Unknown,4,5,6,4,2,4,6,4,6,6,0,0,1,Mochi,Ocicat
CAT_01971,Female,3,6,7,3,1,2,6,5,6,4,1,0,0,Luna,Abyssinian
CAT_01972,Female,5,7,4,6,1,7,6,5,2,1,1,0,0,Whiskers,Abyssinian
CAT_01973,Male,1,2,6,7,4,5,5,6,5,1,0,1,0,Jasper,British Shorthair
CAT_01974,Male,2,4,6,4,5,6,4,4,4,4,0,1,0,Finn,Domestic Shorthair
CAT_01975,Female,2,2,6,7,1,5,3,6,4,1,1,0,0,Daisy,Ragdoll
CAT_01976,Female,5,3,7,2,1,7,4,2,2,7,1,0,0,Onyx,Sphynx
CAT_01977,Female,4,3,4,2,3,1,5,3,5,6,1,0,0,Piper,Korat
CAT_01978,Male,2,4,6,6,2,7,4,4,4,4,0,1,0,Hunter,American Bobtail
CAT_01979,Male,4,5,2,4,2,5,5,3,3,2,0,1,0,Rocky,Russian Blue
CAT_01980,Female,2,5,6,4,3,7,4,3,4,3,1,0,0,Cleo,Ocicat
CAT_01981,Female,4,3,5,4,3,2,5,4,6,4,1,0,0,Luna,British Shorthair
CAT_01982,Male,2,4,7,6,4,6,6,6,4,6,0,1,0,Max,Abyssinian
CAT_01983,Male,3,3,4,4,1,1,4,4,5,5,0,1,0,Jasper,Korat
CAT_01984,Female,4,5,5,4,4,5,4,3,5,3,1,0,0,Whiskers,Siamese
CAT_01985,Male,2,6,7,4,6,7,6,4,4,3,0,1,0,Leo,Bengal
CAT_01986,Female,2,4,6,6,5,7,5,6,4,2,1,0,0,Duchess,Ragdoll
CAT_01987,Female,6,5,4,3,3,5,4,2,6,3,1,0,0,Onyx,British Longhair
CAT_01988,Male,2,3,7,6,6,7,7,6,3,1,0,1,0,Apollo,Maine Coon
CAT_01989,Male,4,3,4,2,5,3,4,2,5,5,0,1,0,Thane,Russian Blue
CAT_01990,Female,3,3,7,4,4,6,4,2,4,4,1,0,0,Cleo,Persian
CAT_01991,Male,2,4,4,6,1,7,6,5,4,5,0,1,0,Brutus,Abyssinian
CAT_01992,Male,1,5,6,5,4,5,6,6,5,4,0,1,0,Baxter,British Shorthair
CAT_01993,Male,2,3,7,6,4,7,4,5,2,2,0,1,0,Mochi,Ragdoll
CAT_01994,Male,2,4,7,6,3,5,7,6,4,3,0,1,0,Maxim,Ocicat
CAT_01995,Male,1,4,7,7,2,2,7,7,4,4,0,1,0,Apollo,Maine Coon
CAT_01996,Male,3,4,2,6,4,6,4,6,6,4,0,1,0,Ranger,American Bobtail
CAT_01997,Female,6,6,2,3,1,6,4,1,4,4,1,0,0,Loki,Sphynx
CAT_01998,Male,2,5,6,6,4,6,6,6,4,2,0,1,0,Thane,Bengal
CAT_01999,Female,5,5,5,4,3,7,6,4,4,1,1,0,0,Onyx,Norwegian Forest Cat
CAT_02000,Female,1,5,7,7,1,1,7,7,6,1,1,0,0,Lyra,Siberian
CAT_02001,Female,1,5,7,4,5,7,6,6,4,6,1,0,0,Luna,Oriental Shorthair
CAT_02002,Female,1,5,7,6,7,5,7,6,5,2,1,0,0,Gracie,Balinese
CAT_02003,Female,2,3,6,6,4,4,6,5,4,3,1,0,0,Mimi,British Shorthair
CAT_02004,Female,2,6,6,4,1,5,6,6,4,2,1,0,0,Sassy,Abyssinian
CAT_02005,Male,6,5,4,4,2,5,5,4,4,2,0,1,0,Brutus,Russian Blue
CAT_02006,Male,3,5,5,4,4,2,6,6,4,4,0,1,0,Jasper,Maine Coon
CAT_02007,Female,1,6,6,6,7,7,6,6,4,1,1,0,0,Daisy,Siamese
CAT_02008,Male,6,5,3,4,5,2,6,4,4,2,0,1,0,Rocky,Ocicat
CAT_02009,Male,1,4,7,7,7,4,6,6,4,3,0,1,0,Simba,Ragdoll
CAT_02010,Female,6,4,4,4,4,4,4,3,4,2,1,0,0,Onyx,Norwegian Forest Cat
CAT_02011,Female,2,4,6,5,4,4,5,4,6,3,1,0,0,Luna,Abyssinian
CAT_02012,Male,2,6,6,4,4,6,6,5,6,4,0,1,0,Jasper,Abyssinian
CAT_02013,Male,2,3,6,4,5,6,4,5,4,4,0,1,0,Finn,British Longhair
CAT_02014,Female,6,4,5,4,3,6,5,4,4,3,1,0,0,Onyx,Siamese
CAT_02015,Male,1,3,7,6,4,6,4,5,4,1,0,1,0,Maximus,Ragdoll
CAT_02016,Male,5,4,3,4,1,4,4,2,6,5,0,1,0,Thane,Sphynx
CAT_02017,Male,3,2,4,6,3,3,4,3,4,3,0,1,0,Gus,Korat
CAT_02018,Male,2,4,6,6,2,4,4,4,6,4,0,1,0,Atlas,American Bobtail
CAT_02019,Male,5,5,2,6,2,2,6,5,6,5,0,1,0,Riot,Devon Rex
CAT_02020,Female,4,4,4,4,3,5,5,4,5,5,1,0,0,Piper,Norwegian Forest Cat
CAT_02021,Female,4,6,6,5,6,6,6,4,6,1,1,0,0,Luna,Abyssinian
CAT_02022,Female,2,4,4,5,5,7,6,4,4,4,1,0,0,Muffin,British Longhair
CAT_02023,Female,6,5,6,4,3,5,4,3,6,4,1,0,0,Whiskers,Siamese
CAT_02024,Male,4,3,5,2,5,5,5,2,6,3,0,1,0,Jasper,Russian Blue
CAT_02025,Male,4,5,6,4,3,7,6,4,4,5,0,1,0,Blaze,Abyssinian
CAT_02026,Unknown,4,3,2,3,4,6,4,4,6,4,0,0,1,Onyx,Ocicat
CAT_02027,Female,6,5,4,3,3,7,6,3,5,3,1,0,0,Sassy,Sphynx
CAT_02028,Female,5,3,4,2,4,2,4,3,4,3,1,0,0,Misty,Chartreux
CAT_02029,Female,5,5,6,4,2,6,4,3,5,3,1,0,0,Cleo,Norwegian Forest Cat
CAT_02030,Female,6,4,3,2,2,3,2,2,4,4,1,0,0,Raven,Devon Rex
CAT_02031,Male,6,5,2,4,2,7,4,2,4,4,0,1,0,Boris,British Shorthair
CAT_02032,Female,6,4,4,4,2,6,6,4,5,3,1,0,0,Luna,Balinese
CAT_02033,Female,6,4,2,2,4,7,6,2,6,1,1,0,0,Onyx,Sphynx
CAT_02034,Female,5,3,6,6,5,6,4,5,4,3,1,0,0,Daisy,Ragdoll
CAT_02035,Male,3,4,6,4,6,5,4,4,5,6,0,1,0,Maximus,Maine Coon
CAT_02036,Female,5,5,4,4,4,5,6,4,2,3,1,0,0,Lola,Abyssinian
CAT_02037,Female,7,5,4,5,2,6,4,4,4,5,1,0,0,Raven,Egyptian Mau
CAT_02038,Female,3,6,4,5,5,5,6,6,6,2,1,0,0,Zara,Ocicat
CAT_02039,Female,4,2,2,3,1,6,4,4,5,6,1,0,0,Whiskers,Norwegian Forest Cat
CAT_02040,Female,1,4,6,2,3,3,2,2,4,3,1,0,0,Mochi,Singapura
CAT_02041,Male,2,5,6,6,7,6,7,6,6,5,0,1,0,Buddy,British Shorthair
CAT_02042,Male,6,3,6,4,2,5,6,6,4,2,0,1,0,Jasper,British Longhair
CAT_02043,Male,2,3,6,6,2,3,5,6,6,4,0,1,0,Miko,Maine Coon
CAT_02044,Male,3,4,7,4,4,6,4,4,4,4,0,1,0,Leo,Ragdoll
CAT_02045,Male,5,4,6,4,5,5,5,4,2,3,0,1,0,Gizmo,Norwegian Forest Cat
CAT_02046,Male,1,4,7,6,6,6,6,6,4,3,0,1,0,Finn,Siberian
CAT_02047,Female,4,4,6,7,5,6,6,6,6,1,1,0,0,Willow,Birman
CAT_02048,Female,3,6,6,6,2,6,5,5,4,5,1,0,0,Luna,Abyssinian
CAT_02049,Male,3,6,4,4,5,7,6,4,5,4,0,1,0,Ranger,Oriental Shorthair
CAT_02050,Female,5,5,6,4,4,7,6,4,6,4,1,0,0,Onyx,Siamese
CAT_02051,Female,6,5,6,3,1,7,6,3,3,1,1,0,0,Luna,Abyssinian
CAT_02052,Male,1,3,6,7,6,2,6,6,4,4,0,1,0,Maxwell,British Shorthair
CAT_02053,Female,5,2,2,4,3,6,5,4,6,2,1,0,0,Gracie,Cymric
CAT_02054,Female,4,4,6,4,3,7,4,4,3,2,1,0,0,Whiskers,Abyssinian
CAT_02055,Female,4,5,4,3,4,3,3,2,5,2,1,0,0,Piper,Devon Rex
CAT_02056,Female,4,4,5,4,2,7,4,3,6,6,1,0,0,Onyx,Sphynx
CAT_02057,Male,1,5,6,6,5,7,6,4,5,1,0,1,0,Jasper,Abyssinian
CAT_02058,Male,3,5,5,6,7,6,5,5,4,2,0,1,0,Finn,Maine Coon
CAT_02059,Female,4,3,4,4,3,5,4,2,4,3,1,0,0,Cleo,Domestic Shorthair
CAT_02060,Male,4,6,7,6,6,7,6,5,4,1,0,1,0,Apollo,Bengal
CAT_02061,Female,1,5,6,7,2,2,4,6,4,3,1,0,0,Luna,British Shorthair
CAT_02062,Male,4,1,2,6,7,1,4,2,2,1,0,1,0,Chester,British Longhair
CAT_02063,Male,3,4,6,5,4,3,4,4,6,2,0,1,0,Jasper,Maine Coon
CAT_02064,Male,5,4,4,4,2,6,6,4,4,3,0,1,0,Maverick,Abyssinian
CAT_02065,Female,4,4,5,6,6,7,6,6,5,4,1,0,0,Scarlet,Siamese
CAT_02066,Male,2,4,6,5,4,6,5,5,3,2,0,1,0,Finn,Norwegian Forest Cat
CAT_02067,Male,5,3,6,6,2,5,4,6,4,4,0,1,0,Bronson,Siberian
CAT_02068,Female,3,2,4,5,1,2,4,6,6,2,1,0,0,Gracie,Ragdoll
CAT_02069,Unknown,3,4,5,4,3,5,5,4,4,3,0,0,1,Onyx,Russian Blue
CAT_02070,Female,2,6,7,6,6,5,4,4,4,2,1,0,0,Astrid,Bengal
CAT_02071,Female,4,4,3,5,3,6,5,5,5,4,1,0,0,Luna,British Shorthair
CAT_02072,Female,2,4,4,4,2,7,4,3,4,5,1,0,0,Xanthe,Siamese
CAT_02073,Male,6,4,4,2,4,4,3,2,3,3,0,1,0,Scorch,Maine Coon
CAT_02074,Female,2,5,7,6,4,2,6,6,4,2,1,0,0,Mochi,Ragdoll
CAT_02075,Male,6,4,6,4,6,4,4,4,4,1,0,1,0,Apollo,Norwegian Forest Cat
CAT_02076,Female,2,4,6,7,4,7,3,6,4,1,1,0,0,Aurora,British Longhair
CAT_02077,Female,4,3,2,3,3,3,4,3,4,4,1,0,0,Bramble,Siberian
CAT_02078,Female,1,2,7,6,4,7,5,6,5,3,1,0,0,Lylah,Persian
CAT_02079,Male,4,5,6,4,5,4,4,4,4,1,0,1,0,Jasper,Abyssinian
CAT_02080,Female,4,5,4,4,3,5,4,4,4,4,1,0,0,Onyx,Domestic Shorthair
CAT_02081,Male,4,7,6,5,4,6,5,3,3,3,0,1,0,Ranger,Abyssinian
CAT_02082,Male,3,4,6,6,6,3,6,5,6,2,0,1,0,Cooper,British Shorthair
CAT_02083,Female,6,6,7,4,1,7,5,4,4,2,1,0,0,Onyx,Siamese
CAT_02084,Male,1,5,6,4,1,7,5,2,4,5,0,1,0,Baron,Russian Blue
CAT_02085,Female,2,5,6,2,4,4,7,4,6,6,1,0,0,Astrid,Maine Coon
CAT_02086,Female,4,6,6,5,7,7,6,5,4,3,1,0,0,Luna,Ragdoll
CAT_02087,Male,2,6,7,7,2,5,6,6,4,2,0,1,0,Jasper,Bengal
CAT_02088,Male,1,5,7,6,5,3,2,4,3,3,0,1,0,Finn,Norwegian Forest Cat
CAT_02089,Male,1,5,6,3,1,2,6,4,6,7,0,1,0,Maverick,Savannah
CAT_02090,Female,5,4,6,7,4,7,4,4,6,1,1,0,0,Willow,Siberian
CAT_02091,Female,5,5,1,2,2,7,4,2,5,1,1,0,0,Luna,Abyssinian
CAT_02092,Male,2,4,5,6,4,6,5,6,4,1,0,1,0,Max,Ragdoll
CAT_02093,Female,6,6,2,2,4,6,2,1,5,4,1,0,0,Onyx,Siamese
CAT_02094,Male,4,5,6,5,2,7,6,4,5,6,0,1,0,Jasper,Ocicat
CAT_02095,Female,6,6,4,5,4,6,4,4,3,3,1,0,0,Zara,Maine Coon
CAT_02096,Male,3,5,6,4,5,5,5,4,4,4,0,1,0,Leo,Bengal
CAT_02097,Female,4,4,4,5,4,4,5,4,6,3,1,0,0,Midge,British Shorthair
CAT_02098,Female,4,3,3,6,4,5,4,5,5,2,1,0,0,Gracie,Korat
CAT_02099,Female,3,3,6,4,2,7,3,3,4,4,1,0,0,Cleo,Turkish Van
CAT_02100,Female,4,6,5,4,2,6,6,4,5,2,1,0,0,Dakota,Norwegian Forest Cat
CAT_02101,Female,5,6,6,4,1,7,3,3,2,3,1,0,0,Luna,Abyssinian
CAT_02102,Male,4,5,6,5,6,6,4,4,5,1,0,1,0,Jasper,British Shorthair
CAT_02103,Male,1,3,6,6,1,2,4,4,6,7,0,1,0,Miko,Maine Coon
CAT_02104,Female,5,5,4,4,2,5,5,4,4,2,1,0,0,Whiskers,Siamese
CAT_02105,Male,4,5,6,7,4,6,4,5,4,3,0,1,0,Felix,Bengal
CAT_02106,Female,5,4,4,4,1,2,6,4,6,2,1,0,0,Sable,Russian Blue
CAT_02107,Female,2,5,6,6,2,6,6,6,4,5,1,0,0,Cleo,Balinese
CAT_02108,Male,2,5,6,6,2,4,5,5,4,3,0,1,0,Gatsby,Ocicat
CAT_02109,Male,4,4,5,4,4,5,4,3,4,2,0,1,0,Rusty,Chartreux
CAT_02110,Female,6,6,3,4,4,7,4,4,4,2,1,0,0,Onyx,Savannah
CAT_02111,Male,1,4,7,6,1,7,6,5,6,4,0,1,0,Rascal,Abyssinian
CAT_02112,Male,3,5,5,4,5,3,4,4,5,4,0,1,0,Bingo,British Shorthair
CAT_02113,Male,3,4,5,6,6,4,4,4,5,2,0,1,0,Jasper,Maine Coon
CAT_02114,Female,3,2,6,6,3,7,6,6,4,2,1,0,0,Luna,Ragdoll
CAT_02115,Male,1,6,7,6,6,6,6,6,6,3,0,1,0,Blaze,Bengal
CAT_02116,Male,3,5,4,5,6,7,4,6,4,4,0,1,0,Thane,Norwegian Forest Cat
CAT_02117,Male,4,5,4,5,1,6,4,4,4,6,0,1,0,Baron,Russian Blue
CAT_02118,Female,3,5,2,3,3,7,6,6,6,6,1,0,0,Onyx,Sphynx
CAT_02119,Female,2,5,7,6,2,3,6,5,4,3,1,0,0,Akira,Siberian
CAT_02120,Male,1,4,6,6,4,5,6,6,4,4,0,1,0,Finn,American Shorthair
CAT_02121,Female,6,4,2,4,1,7,4,4,4,3,1,0,0,Luna,Abyssinian
CAT_02122,Female,4,4,2,2,1,5,4,3,6,6,1,0,0,Onyx,British Shorthair
CAT_02123,Female,5,3,4,3,4,7,3,2,5,4,1,0,0,Whiskers,Birman
CAT_02124,Male,1,5,7,7,7,7,7,7,4,3,0,1,0,Sunny,Ragdoll
CAT_02125,Female,3,5,6,6,4,2,5,4,4,5,1,0,0,Jazz,Maine Coon
CAT_02126,Male,2,4,6,4,4,5,4,4,4,4,0,1,0,Finn,Norwegian Forest Cat
CAT_02127,Male,1,6,7,6,6,6,7,6,4,1,0,1,0,Ranger,Siberian
CAT_02128,Unknown,3,5,4,3,2,7,6,6,5,4,0,0,1,Loki,Ocicat
CAT_02129,Female,4,4,5,6,4,2,4,4,4,4,1,0,0,Mochi,Siamese
CAT_02130,Male,2,5,6,6,4,5,6,6,4,3,0,1,0,Hunter,Bengal
CAT_02131,Female,4,4,4,5,2,5,4,5,6,2,1,0,0,Luna,British Shorthair
CAT_02132,Male,2,5,6,5,4,5,6,5,6,2,0,1,0,Jasper,Abyssinian
CAT_02133,Male,4,5,6,5,6,6,6,4,6,2,0,1,0,Finn,Maine Coon
CAT_02134,Male,4,4,4,4,4,6,6,4,4,3,0,1,0,Miko,British Longhair
CAT_02135,Female,4,4,6,4,3,5,4,4,4,3,1,0,0,Cleo,Ragdoll
CAT_02136,Female,3,6,6,4,3,5,4,2,5,2,1,0,0,Zephyr,Abyssinian
CAT_02137,Male,5,6,6,5,4,5,6,5,6,4,0,1,0,Ragnar,Savannah
CAT_02138,Female,2,3,4,6,1,1,6,5,6,1,1,0,0,Lola,Persian
CAT_02139,Female,4,6,6,4,4,6,5,4,2,2,1,0,0,Onyx,Norwegian Forest Cat
CAT_02140,Male,4,3,4,5,4,6,6,6,4,4,0,1,0,Thane,Siberian
CAT_02141,Female,3,5,7,5,5,7,4,2,4,5,1,0,0,Luna,Abyssinian
CAT_02142,Male,1,5,7,6,3,7,6,6,4,2,0,1,0,Jasper,British Shorthair
CAT_02143,Female,2,5,7,5,5,7,4,2,4,5,1,0,0,Akira,Abyssinian
CAT_02144,Male,1,5,6,6,4,1,4,4,6,2,0,1,0,Finn,Maine Coon
CAT_02145,Male,2,3,4,7,2,7,4,5,6,3,0,1,0,Mochi,Ragdoll
CAT_02146,Female,3,2,3,4,1,1,2,4,7,6,1,0,0,Onyx,Sphynx
CAT_02147,Male,2,5,7,6,7,7,6,5,3,3,0,1,0,Leo,Abyssinian
CAT_02148,Male,1,5,7,7,7,7,7,7,4,2,0,1,0,Apollo,Siamese
CAT_02149,Male,4,6,4,6,2,6,6,5,6,4,0,1,0,Ripley,Ocicat
CAT_02150,Male,1,4,6,6,5,2,5,5,3,2,0,1,0,Cody,British Longhair
CAT_02151,Female,4,4,6,6,2,3,4,4,4,4,1,0,0,Luna,Abyssinian
CAT_02152,Male,3,3,5,4,3,6,4,4,5,3,0,1,0,Jasper,British Shorthair
CAT_02153,Female,2,5,5,4,3,6,4,4,5,5,1,0,0,Dakota,Siamese
CAT_02154,Male,4,5,6,3,5,7,6,4,4,4,0,1,0,Maverick,Bengal
CAT_02155,Male,1,5,4,4,1,7,3,3,4,6,0,1,0,Zeus,Savannah
CAT_02156,Male,2,3,6,5,1,5,6,4,6,3,0,1,0,Finn,Ocicat
CAT_02157,Male,4,4,6,5,6,6,6,5,4,2,0,1,0,Apollo,Abyssinian
CAT_02158,Female,3,5,6,5,6,7,6,6,4,5,1,0,0,Aurora,Siamese
CAT_02159,Female,4,2,4,4,1,6,6,5,6,6,1,0,0,Onyx,Persian
CAT_02160,Female,3,4,4,5,4,4,6,5,4,3,1,0,0,Piper,Maine Coon
CAT_02161,Male,4,4,4,4,2,6,4,4,6,5,0,1,0,Rocket,Abyssinian
CAT_02162,Male,3,3,6,5,3,3,5,5,5,4,0,1,0,Mellow,British Longhair
CAT_02163,Female,5,4,6,4,1,1,5,4,4,2,1,0,0,Luna,Sphynx
CAT_02164,Male,3,5,6,4,2,6,5,4,4,5,0,1,0,Blaze,American Bobtail
CAT_02165,Female,4,6,7,4,2,7,4,4,4,6,1,0,0,Aria,Siamese
CAT_02166,Female,4,5,4,6,1,7,4,3,6,2,1,0,0,Jasmine,Korat
CAT_02167,Female,4,4,4,2,2,6,4,3,4,4,1,0,0,Onyx,Devon Rex
CAT_02168,Male,2,4,6,6,5,5,6,6,4,3,0,1,0,Cooper,Maine Coon
CAT_02169,Male,4,6,4,5,2,5,4,4,4,2,0,1,0,Thane,Russian Blue
CAT_02170,Female,2,5,7,7,7,3,5,6,5,3,1,0,0,Willow,Ragdoll
CAT_02171,Male,3,5,4,5,2,7,6,5,4,4,0,1,0,Brawler,Abyssinian
CAT_02172,Male,2,5,7,6,6,6,7,6,4,4,0,1,0,Apollo,Ragdoll
CAT_02173,Female,1,5,7,7,7,6,7,7,4,1,1,0,0,Luna,Persian
CAT_02174,Male,2,5,7,4,1,7,6,4,2,2,0,1,0,Blaze,Ocicat
CAT_02175,Male,2,3,7,5,4,7,6,6,4,4,0,1,0,Jasper,Maine Coon
CAT_02176,Male,7,4,4,2,4,7,5,3,4,2,0,1,0,Scorch,Sphynx
CAT_02177,Female,4,3,6,5,2,7,7,5,4,3,1,0,0,Onyx,Singapura
CAT_02178,Male,6,6,5,1,1,7,6,3,4,1,0,1,0,Ripley,Devon Rex
CAT_02179,Female,4,5,6,3,3,5,5,4,4,4,1,0,0,Piper,Russian Blue
CAT_02180,Female,2,4,6,6,6,5,6,6,4,5,1,0,0,Ophelia,Norwegian Forest Cat
CAT_02181,Male,2,4,4,3,1,1,6,4,4,4,0,1,0,Rex,Abyssinian
CAT_02182,Male,3,5,6,5,6,2,6,4,4,1,0,1,0,Jasper,Korat
CAT_02183,Male,3,6,6,5,5,7,6,4,3,5,0,1,0,Blaze,Abyssinian
CAT_02184,Male,2,4,5,5,2,2,4,4,6,6,0,1,0,Baron,British Shorthair
CAT_02185,Female,7,3,2,4,2,5,4,3,4,4,1,0,0,Luna,Sphynx
CAT_02186,Female,4,7,7,6,4,7,6,4,6,4,1,0,0,Astrid,Siberian
CAT_02187,Male,5,5,6,4,2,5,4,3,4,5,0,1,0,Onyx,Abyssinian
CAT_02188,Female,5,1,2,7,4,2,4,4,4,2,1,0,0,Mochi,Ragdoll
CAT_02189,Female,4,6,4,2,1,6,2,2,6,2,1,0,0,Raven,Siamese
CAT_02190,Male,4,2,2,2,2,6,4,3,6,3,0,1,0,Gizmo,Devon Rex
CAT_02191,Female,2,3,7,4,4,7,5,4,4,2,1,0,0,Luna,British Longhair
CAT_02192,Male,6,5,3,2,1,6,6,3,5,6,0,1,0,Brutus,Sphynx
CAT_02193,Male,4,4,4,3,5,7,3,2,5,5,0,1,0,Jasper,Maine Coon
CAT_02194,Female,4,2,6,3,1,2,4,2,4,5,1,0,0,Mimi,Ragdoll
CAT_02195,Female,1,4,6,7,7,6,7,7,6,2,1,0,0,Angel,Persian
CAT_02196,Male,3,6,5,4,6,7,6,4,4,1,0,1,0,Rocket,Abyssinian
CAT_02197,Female,5,4,3,4,3,6,5,4,6,2,1,0,0,Whiskers,Ocicat
CAT_02198,Female,3,4,6,6,5,5,5,6,5,1,1,0,0,Cleo,Balinese
CAT_02199,Female,3,6,7,6,5,6,6,6,4,1,1,0,0,Onyx,Siberian
CAT_02200,Female,1,3,6,6,4,7,4,4,4,4,1,0,0,Daisy,Norwegian Forest Cat
CAT_02201,Female,6,3,2,6,4,4,5,5,6,2,1,0,0,Luna,Abyssinian
CAT_02202,Male,1,6,6,7,1,6,4,6,4,7,0,1,0,Jasper,Bengal
CAT_02203,Female,2,4,7,6,5,7,7,6,6,2,1,0,0,Sophia,Burmese
CAT_02204,Male,2,5,6,6,3,3,6,6,5,6,0,1,0,Oliver,Abyssinian
CAT_02205,Male,4,4,2,4,3,4,4,3,5,4,0,1,0,Binx,Russian Blue
CAT_02206,Female,2,6,6,6,5,7,4,6,4,3,1,0,0,Dakota,Siamese
CAT_02207,Male,5,5,7,6,2,6,6,5,5,2,0,1,0,Leo,Ocicat
CAT_02208,Female,2,5,7,7,7,7,7,7,7,1,1,0,0,Cleo,Balinese
CAT_02209,Female,5,2,5,3,4,1,2,2,2,3,1,0,0,Midge,Nebelung
CAT_02210,Female,4,5,3,4,2,5,5,4,5,5,1,0,0,Onyx,British Shorthair
CAT_02211,Male,4,5,5,6,5,5,5,4,4,2,0,1,0,Max,Abyssinian
CAT_02212,Female,3,3,6,4,5,4,4,4,6,2,1,0,0,Luna,British Longhair
CAT_02213,Male,2,5,5,3,5,7,4,4,4,3,0,1,0,Jasper,Abyssinian
CAT_02214,Male,3,5,6,5,3,6,6,5,4,5,0,1,0,Apollo,Ocicat
CAT_02215,Female,2,4,6,5,4,4,3,3,4,3,1,0,0,Cleo,Ragdoll
CAT_02216,Male,1,7,7,7,7,7,7,7,4,1,0,1,0,Zeus,Maine Coon
CAT_02217,Male,2,5,6,6,3,2,7,6,4,4,0,1,0,Onyx,Savannah
CAT_02218,Male,4,6,6,6,4,7,3,5,6,5,0,1,0,Thane,British Shorthair
CAT_02219,Female,2,4,7,7,5,5,5,6,3,1,1,0,0,Aurora,Norwegian Forest Cat
CAT_02220,Male,2,5,6,6,6,7,6,6,3,2,0,1,0,Hunter,Siberian
CAT_02221,Female,2,5,7,6,2,6,6,6,6,4,1,0,0,Luna,British Shorthair
CAT_02222,Female,3,5,5,6,2,2,4,4,6,5,1,0,0,Lola,Balinese
CAT_02223,Female,2,5,6,4,7,6,6,4,4,1,1,0,0,Daisy,Ragdoll
CAT_02224,Male,2,5,6,5,6,7,6,4,4,4,0,1,0,Jasper,Abyssinian
CAT_02225,Female,2,4,4,6,2,6,4,4,6,4,1,0,0,Whiskers,Norwegian Forest Cat
CAT_02226,Male,5,3,3,3,2,5,4,3,4,4,0,1,0,Binx,Korat
CAT_02227,Male,2,4,7,7,1,7,4,6,6,2,0,1,0,Apollo,Maine Coon
CAT_02228,Male,6,5,2,4,2,5,4,2,4,2,0,1,0,Scorch,Sphynx
CAT_02229,Female,4,4,3,4,2,5,4,2,6,3,1,0,0,Raven,Russian Blue
CAT_02230,Female,3,4,4,4,1,4,4,2,5,2,1,0,0,Piper,Singapura
CAT_02231,Male,2,5,6,7,1,5,6,6,5,2,0,1,0,Mittens,Abyssinian
CAT_02232,Female,2,5,6,6,4,7,6,6,4,4,1,0,0,Luna,British Shorthair
CAT_02233,Female,1,4,5,4,4,1,2,4,6,5,1,0,0,Whiskers,Korat
CAT_02234,Female,7,7,2,2,5,7,5,2,2,5,1,0,0,Blaze,Sphynx
CAT_02235,Male,2,1,4,4,1,6,1,4,4,6,0,1,0,Jasper,Maine Coon
CAT_02236,Female,4,4,2,6,6,1,1,4,2,2,1,0,0,Lola,Russian Blue
CAT_02237,Female,6,6,4,3,1,7,5,4,4,3,1,0,0,Onyx,Somali
CAT_02238,Male,2,5,6,6,3,6,5,5,4,4,0,1,0,Finn,Ocicat
CAT_02239,Female,5,4,2,4,2,6,4,4,6,4,1,0,0,Cleo,Norwegian Forest Cat
CAT_02240,Male,4,3,4,4,2,6,2,3,4,4,0,1,0,Gatsby,Chartreux
CAT_02241,Male,3,4,3,4,4,4,6,3,4,4,0,1,0,Rocket,Abyssinian
CAT_02242,Female,2,4,5,5,2,2,4,4,6,4,1,0,0,Luna,British Longhair
CAT_02243,Female,2,5,4,6,1,4,6,6,4,7,1,0,0,Onyx,Siamese
CAT_02244,Male,2,5,6,6,2,7,6,6,4,3,0,1,0,Maxim,Maine Coon
CAT_02245,Female,2,6,6,4,4,5,5,4,4,2,1,0,0,Zara,Oriental Shorthair
CAT_02246,Male,2,5,6,4,4,1,6,5,6,4,0,1,0,Jasper,Norwegian Forest Cat
CAT_02247,Female,4,6,6,4,3,4,4,3,4,2,1,0,0,Kali,Bengal
CAT_02248,Male,3,6,4,4,4,6,5,4,4,4,0,1,0,Thane,Russian Blue
CAT_02249,Female,3,4,4,4,1,4,3,3,5,4,1,0,0,Pixie,Egyptian Mau
CAT_02250,Female,3,5,6,6,3,4,4,5,4,3,1,0,0,Athena,Ocicat
CAT_02251,Male,6,4,5,4,6,6,4,3,6,2,0,1,0,Boris,Abyssinian
CAT_02252,Male,2,5,7,6,2,7,6,6,5,4,0,1,0,Charlie,Korat
CAT_02253,Male,2,6,6,6,3,7,6,6,4,1,0,1,0,Jasper,Abyssinian
CAT_02254,Male,2,5,7,6,5,6,6,6,4,3,0,1,0,Max,Burmese
CAT_02255,Female,6,5,2,5,2,6,5,4,6,4,1,0,0,Zelda,Sphynx
CAT_02256,Male,4,2,7,5,3,7,4,2,6,5,0,1,0,Leo,Ragdoll
CAT_02257,Male,2,5,4,6,4,6,4,4,5,6,0,1,0,Hunter,Siberian
CAT_02258,Male,6,5,6,3,3,7,6,3,6,2,0,1,0,Thane,British Shorthair
CAT_02259,Male,6,3,3,6,6,7,4,4,6,1,0,1,0,Gatsby,Maine Coon
CAT_02260,Female,5,6,5,3,3,5,4,3,3,3,1,0,0,Luna,Norwegian Forest Cat
CAT_02261,Male,4,4,6,6,5,3,5,4,4,3,0,1,0,Bastet,Abyssinian
CAT_02262,Male,2,5,6,5,6,1,4,5,5,5,0,1,0,Blaze,Korat
CAT_02263,Female,1,6,7,5,6,7,6,7,3,4,1,0,0,Whimsy,Siamese
CAT_02264,Unknown,2,5,7,6,4,7,5,6,4,1,0,0,1,Lunaire,Balinese
CAT_02265,Female,2,4,6,6,4,6,6,6,5,2,1,0,0,Calliope,Ragdoll
CAT_02266,Male,2,4,7,4,4,2,6,6,6,4,0,1,0,Maestro,British Shorthair
CAT_02267,Female,3,5,6,6,4,6,4,6,3,1,1,0,0,Piper,Tonkinese
CAT_02268,Male,1,4,6,6,1,5,6,5,6,1,0,1,0,Orion,Siberian
CAT_02269,Unknown,6,4,5,4,1,7,3,3,6,7,0,0,1,Onyx,Sphynx
CAT_02270,Female,3,5,7,6,5,5,5,6,4,3,1,0,0,Alethea,Maine Coon
CAT_02271,Male,2,5,7,4,4,7,6,4,4,3,0,1,0,Baxter,Abyssinian
CAT_02272,Female,3,5,6,4,5,2,4,4,4,2,1,0,0,Luna,British Shorthair
CAT_02273,Male,2,5,6,6,1,5,6,6,6,6,0,1,0,Baron,Maine Coon
CAT_02274,Female,3,3,4,2,4,4,6,4,4,4,1,0,0,Piper,Russian Blue
CAT_02275,Male,5,4,3,2,1,5,5,4,6,5,0,1,0,Ripley,Savannah
CAT_02276,Male,2,6,6,4,4,7,2,3,6,4,0,1,0,Jasper,American Bobtail
CAT_02277,Male,2,4,7,6,1,7,4,2,4,5,0,1,0,Orion,Siberian
CAT_02278,Female,1,4,7,7,1,7,7,7,4,4,1,0,0,Sugar,Norwegian Forest Cat
CAT_02279,Male,2,6,7,6,4,5,6,6,7,4,0,1,0,Maverick,Bengal
CAT_02280,Male,3,3,6,6,2,7,5,5,3,5,0,1,0,Bronson,Ocicat
CAT_02281,Female,4,5,6,4,2,5,4,3,2,5,1,0,0,Luna,Abyssinian
CAT_02282,Female,4,4,6,4,3,7,4,3,4,3,1,0,0,Akira,Balinese
CAT_02283,Male,6,6,3,2,1,7,2,1,4,7,0,1,0,Blaze,Abyssinian
CAT_02284,Male,2,5,6,6,2,5,6,6,4,4,0,1,0,Cooper,Maine Coon
CAT_02285,Female,4,5,7,4,7,6,6,4,2,1,1,0,0,Gracie,Ragdoll
CAT_02286,Male,2,5,6,5,3,6,6,5,4,3,0,1,0,Jasper,Norwegian Forest Cat
CAT_02287,Male,2,4,2,4,2,4,7,6,4,6,0,1,0,Finn,British Shorthair
CAT_02288,Female,3,4,6,4,5,5,6,4,4,1,1,0,0,Willow,Siamese
CAT_02289,Female,2,5,6,6,2,7,6,6,4,3,1,0,0,Piper,Pixie-Bob
CAT_02290,Female,4,5,6,4,1,6,5,4,4,6,1,0,0,Onyx,Sphynx
CAT_02291,Female,5,5,2,3,1,7,3,4,5,5,1,0,0,Luna,Abyssinian
CAT_02292,Male,3,5,2,4,3,7,6,4,4,6,0,1,0,Jasper,Ocicat
CAT_02293,Female,2,6,7,7,7,1,6,7,6,3,1,0,0,Daisy,Ragdoll
CAT_02294,Female,2,5,6,6,1,7,4,4,5,4,1,0,0,Mimi,Siamese
CAT_02295,Female,6,5,4,5,1,4,6,6,6,5,1,0,0,Onyx,Norwegian Forest Cat
CAT_02296,Male,2,4,6,4,1,7,4,2,4,5,0,1,0,Rocky,Abyssinian
CAT_02297,Male,2,5,5,6,4,7,4,4,4,2,0,1,0,Leo,Siamese
CAT_02298,Female,4,3,5,6,3,1,6,4,3,1,1,0,0,Lola,British Longhair
CAT_02299,Female,2,4,6,6,5,6,4,4,4,1,1,0,0,Cleo,Ragdoll
CAT_02300,Male,4,5,4,4,4,3,5,4,4,3,0,1,0,Thane,British Shorthair
CAT_02301,Male,4,5,5,5,2,7,6,6,5,3,0,1,0,Riot,Abyssinian
CAT_02302,Male,3,5,6,6,5,5,4,5,4,3,0,1,0,Jasper,British Shorthair
CAT_02303,Female,5,5,6,6,7,7,6,5,5,4,1,0,0,Onyx,Siamese
CAT_02304,Female,4,5,4,4,4,5,5,4,4,3,1,0,0,Luna,Domestic Shorthair
CAT_02305,Male,2,3,7,7,4,7,6,6,5,3,0,1,0,Simba,Ragdoll
CAT_02306,Female,4,4,2,2,3,3,4,2,5,4,1,0,0,Griselda,Sphynx
CAT_02307,Female,3,3,6,4,2,5,5,5,5,5,1,0,0,Piper,Korat
CAT_02308,Female,5,4,5,3,4,5,4,2,4,3,1,0,0,Raven,Norwegian Forest Cat
CAT_02309,Male,4,3,6,4,5,3,4,3,4,4,0,1,0,Orion,Maine Coon
CAT_02310,Male,1,5,7,7,4,6,7,7,4,5,0,1,0,Zeus,Bengal
CAT_02311,Male,4,5,6,6,4,5,5,6,4,3,0,1,0,Rufus,Abyssinian
CAT_02312,Female,4,5,6,6,4,1,6,4,4,4,1,0,0,Luna,Birman
CAT_02313,Male,6,5,6,5,1,7,6,4,6,2,0,1,0,Jasper,Abyssinian
CAT_02314,Female,2,4,7,6,2,2,4,4,6,4,1,0,0,Daisy,Ragdoll
CAT_02315,Male,2,6,7,7,7,4,6,7,6,2,0,1,0,Apollo,Maine Coon
CAT_02316,Female,6,6,6,4,1,7,3,3,3,2,1,0,0,Raven,Egyptian Mau
CAT_02317,Female,4,7,6,4,4,7,4,2,6,3,1,0,0,Zephyr,Ocicat
CAT_02318,Female,4,4,4,4,3,5,4,4,4,4,1,0,0,Midge,British Shorthair
CAT_02319,Male,4,5,4,4,2,7,3,2,4,3,0,1,0,Kai,American Bobtail
CAT_02320,Male,2,4,4,6,3,6,4,4,6,6,0,1,0,Thane,Norwegian Forest Cat
CAT_02321,Male,2,4,5,6,5,2,4,4,6,2,0,1,0,Boris,Abyssinian
CAT_02322,Male,1,5,6,6,3,6,6,6,4,4,0,1,0,Jasper,Burmese
CAT_02323,Male,1,5,6,4,1,7,6,4,5,7,0,1,0,Blaze,Abyssinian
CAT_02324,Male,3,6,5,5,2,6,5,5,4,4,0,1,0,Thane,Ocicat
CAT_02325,Female,2,4,6,4,3,5,4,3,4,6,1,0,0,Luna,Ragdoll
CAT_02326,Female,6,6,6,4,1,7,6,4,4,5,1,0,0,Onyx,Sphynx
CAT_02327,Female,3,5,6,6,4,7,6,6,4,3,1,0,0,Astrid,Javanese
CAT_02328,Female,4,4,6,4,4,4,6,4,2,1,1,0,0,Lola,British Shorthair
CAT_02329,Male,2,3,6,6,4,1,7,6,4,2,0,1,0,Cooper,Maine Coon
CAT_02330,Male,3,3,6,6,5,7,4,6,2,5,0,1,0,Gideon,British Longhair
CAT_02331,Female,4,4,4,5,1,6,6,6,4,6,1,0,0,Luna,British Shorthair
CAT_02332,Female,2,5,6,5,4,5,5,5,6,4,1,0,0,Daisy,Balinese
CAT_02333,Male,4,4,4,2,2,4,5,4,6,2,0,1,0,Buster,American Shorthair
CAT_02334,Male,2,5,6,4,6,6,4,4,4,4,0,1,0,Apollo,Bengal
CAT_02335,Male,1,1,7,7,5,4,4,7,5,6,0,1,0,Mellow,Ragdoll
CAT_02336,Female,7,6,6,2,1,7,4,1,4,4,1,0,0,Vixen,Persian
CAT_02337,Male,3,4,4,6,2,6,6,6,4,6,0,1,0,Jasper,Siamese
CAT_02338,Male,3,4,6,5,5,2,4,6,4,3,0,1,0,Finn,Maine Coon
CAT_02339,Unknown,2,5,6,6,2,5,5,5,6,3,0,0,1,Whiskers,Norwegian Forest Cat
CAT_02340,Female,2,3,6,7,1,7,7,7,6,3,1,0,0,Cleo,British Longhair
CAT_02341,Female,2,5,6,5,3,3,4,4,4,3,1,0,0,Luna,Abyssinian
CAT_02342,Male,2,5,6,4,3,6,5,4,5,4,0,1,0,Jasper,Ocicat
CAT_02343,Male,3,3,6,7,7,5,6,6,6,2,0,1,0,Finn,Maine Coon
CAT_02344,Male,5,6,4,2,3,1,5,2,4,3,0,1,0,Riot,Sphynx
CAT_02345,Female,6,4,4,3,1,1,5,4,6,3,1,0,0,Onyx,Singapura
CAT_02346,Female,2,5,6,5,1,7,2,4,4,5,1,0,0,Vixen,Devon Rex
CAT_02347,Male,3,4,6,6,4,5,4,5,5,5,0,1,0,Gatsby,Norwegian Forest Cat
CAT_02348,Female,6,5,2,2,1,5,2,2,5,6,1,0,0,Bruiser,Korat
CAT_02349,Female,4,5,7,6,2,5,2,3,3,6,1,0,0,Aurora,Russian Blue
CAT_02350,Female,3,5,5,5,4,5,6,5,4,4,1,0,0,Willow,Siberian
CAT_02351,Male,1,4,6,6,2,5,4,4,6,5,0,1,0,Rocket,British Shorthair
CAT_02352,Female,6,3,6,4,1,5,4,3,6,4,1,0,0,Onyx,Birman
CAT_02353,Male,5,1,6,4,1,5,6,4,4,1,0,1,0,Mellow,Ragdoll
CAT_02354,Female,2,5,5,2,2,6,4,2,3,5,1,0,0,Zing,Abyssinian
CAT_02355,Female,6,5,4,4,3,6,6,4,6,5,1,0,0,Bruiser,Savannah
CAT_02356,Female,6,5,4,4,1,6,5,3,5,7,1,0,0,Vixen,Russian Blue
CAT_02357,Female,6,5,4,2,1,5,4,2,6,3,1,0,0,Ripley,Ocicat
CAT_02358,Female,3,5,4,4,2,6,5,4,4,6,1,0,0,Luna,Norwegian Forest Cat
CAT_02359,Female,3,3,6,4,2,6,4,3,6,4,1,0,0,Cinnamon,British Longhair
CAT_02360,Female,1,3,6,7,7,3,7,7,4,4,1,0,0,Serenity,Maine Coon
CAT_02361,Male,4,4,6,6,3,6,4,4,5,5,0,1,0,Finn,British Shorthair
CAT_02362,Male,2,4,3,4,2,6,5,5,4,6,0,1,0,Brutus,British Longhair
CAT_02363,Female,1,5,7,6,7,7,6,6,3,1,1,0,0,Luna,Siamese
CAT_02364,Male,3,4,5,3,3,2,4,2,4,3,0,1,0,Jasper,Russian Blue
CAT_02365,Male,2,5,6,6,5,6,6,6,4,3,0,1,0,Hunter,Maine Coon
CAT_02366,Male,3,3,6,6,2,5,5,5,4,2,0,1,0,Felix,Chartreux
CAT_02367,Female,5,4,5,2,1,3,4,2,7,6,1,0,0,Onyx,Korat
CAT_02368,Female,3,2,7,7,7,7,4,6,3,1,1,0,0,Daisy,Norwegian Forest Cat
CAT_02369,Female,4,3,2,2,1,2,4,2,7,7,1,0,0,Raven,Abyssinian
CAT_02370,Male,4,4,7,6,5,7,6,6,4,1,0,1,0,Max,Siberian
CAT_02371,Female,3,5,4,2,1,5,4,4,4,4,1,0,0,Luna,Abyssinian
CAT_02372,Male,4,6,5,4,4,5,4,4,4,4,0,1,0,Jasper,American Bobtail
CAT_02373,Female,2,5,7,7,5,7,3,5,6,5,1,0,0,Daisy,Ragdoll
CAT_02374,Female,5,1,2,6,4,3,5,6,5,1,1,0,0,Mochi,British Longhair
CAT_02375,Female,4,5,2,2,4,4,3,3,5,5,1,0,0,Onyx,Sphynx
CAT_02376,Male,2,4,7,7,2,7,7,7,4,3,0,1,0,Apollo,Maine Coon
CAT_02377,Female,2,5,7,7,2,6,6,6,4,4,1,0,0,Sassy,Siamese
CAT_02378,Female,5,4,4,2,1,6,6,4,6,2,1,0,0,Raven,Norwegian Forest Cat
CAT_02379,Male,6,5,3,2,1,7,3,2,6,5,0,1,0,Loki,Devon Rex
CAT_02380,Male,3,6,6,4,2,7,3,3,5,5,0,1,0,Maverick,Ocicat
CAT_02381,Female,2,5,6,6,4,6,6,5,4,4,1,0,0,Luna,Oriental Shorthair
CAT_02382,Male,4,5,6,4,5,7,5,4,2,2,0,1,0,Jasper,Burmese
CAT_02383,Male,1,6,6,7,7,5,7,7,4,2,0,1,0,Apollo,Maine Coon
CAT_02384,Female,4,4,4,2,1,3,4,3,4,6,1,0,0,Griselda,British Shorthair
CAT_02385,Male,3,5,6,6,4,6,6,6,5,5,0,1,0,Orion,Norwegian Forest Cat
CAT_02386,Female,2,6,7,2,1,6,2,2,2,6,1,0,0,Onyx,Siamese
CAT_02387,Male,5,4,3,3,3,6,5,3,6,6,0,1,0,Thane,Russian Blue
CAT_02388,Male,3,5,6,6,4,7,6,6,6,1,0,1,0,Maverick,Abyssinian
CAT_02389,Female,4,4,2,6,5,3,6,5,4,2,1,0,0,Piper,Balinese
CAT_02390,Female,2,5,7,6,1,6,5,4,4,4,1,0,0,Willa,Ragdoll
CAT_02391,Male,2,7,6,2,1,7,2,2,6,7,0,1,0,Kaiser,Abyssinian
CAT_02392,Female,3,6,6,6,4,4,6,6,4,2,1,0,0,Luna,Birman
CAT_02393,Female,3,4,6,4,1,6,6,5,5,7,1,0,0,Onyx,Siamese
CAT_02394,Male,5,5,6,4,5,7,6,5,4,2,0,1,0,Jasper,Ocicat
CAT_02395,Female,6,5,2,4,1,7,4,4,5,4,1,0,0,Raven,Sphynx
CAT_02396,Female,5,4,5,4,2,6,4,4,4,1,1,0,0,Lola,Devon Rex
CAT_02397,Male,3,5,5,5,3,6,4,5,5,5,0,1,0,Felix,Korat
CAT_02398,Female,3,5,5,6,4,6,6,6,6,3,1,0,0,Astrid,Russian Blue
CAT_02399,Female,2,6,4,6,2,5,4,4,4,4,1,0,0,Zelda,Norwegian Forest Cat
CAT_02400,Male,1,4,7,6,1,4,4,5,4,3,0,1,0,Mochi,Maine Coon
CAT_02401,Male,3,6,4,4,6,7,4,3,6,5,0,1,0,Kaiser,Abyssinian
CAT_02402,Male,2,3,7,6,6,4,4,4,4,2,0,1,0,Muffin,British Longhair
CAT_02403,Female,3,5,6,6,2,5,4,4,4,5,1,0,0,Luna,Siamese
CAT_02404,Male,4,4,4,3,4,6,4,4,5,2,0,1,0,Jasper,American Bobtail
CAT_02405,Male,2,5,4,6,5,5,5,5,6,4,0,1,0,Orion,Bengal
CAT_02406,Female,1,5,7,5,7,7,6,4,3,5,1,0,0,Cleo,Maine Coon
CAT_02407,Male,3,5,6,6,4,5,6,5,5,2,0,1,0,Hunter,Abyssinian
CAT_02408,Female,6,5,6,6,6,2,4,4,4,2,1,0,0,Sable,British Shorthair
CAT_02409,Female,2,3,5,4,2,5,4,3,4,5,1,0,0,Willow,Birman
CAT_02410,Male,2,5,4,4,2,5,6,6,4,5,0,1,0,Thane,Siberian
CAT_02411,Female,4,5,5,4,3,5,4,4,5,5,1,0,0,Luna,Abyssinian
CAT_02412,Female,2,5,7,6,6,6,6,6,4,3,1,0,0,Daisy,Burmese
CAT_02413,Male,3,4,5,4,4,6,4,3,4,2,0,1,0,Jasper,British Shorthair
CAT_02414,Male,2,6,7,6,1,7,6,6,4,7,0,1,0,Blaze,Siamese
CAT_02415,Female,6,3,5,6,1,3,2,4,6,1,1,0,0,Ophelia,Ragdoll
CAT_02416,Male,1,3,7,4,6,7,5,3,4,4,0,1,0,Finn,Maine Coon
CAT_02417,Female,2,5,7,4,2,7,3,2,5,4,1,0,0,Raven,Oriental Shorthair
CAT_02418,Male,3,5,6,2,1,7,3,2,4,6,0,1,0,Thane,Savannah
CAT_02419,Female,2,6,6,6,6,7,6,6,4,2,1,0,0,Astrid,Norwegian Forest Cat
CAT_02420,Female,5,5,2,4,2,4,6,2,6,1,1,0,0,Pixie,Sphynx
CAT_02421,Female,1,6,7,6,6,7,6,5,4,2,1,0,0,Luna,Abyssinian
CAT_02422,Female,4,6,6,6,1,7,6,5,4,5,1,0,0,Xanthe,Balinese
CAT_02423,Female,2,5,7,6,5,7,6,6,4,3,1,0,0,Calliope,Abyssinian
CAT_02424,Male,3,7,7,5,5,7,4,2,4,2,0,1,0,Jasper,Bengal
CAT_02425,Male,3,6,6,5,4,7,6,5,4,3,0,1,0,Orion,American Bobtail
CAT_02426,Female,2,6,7,6,4,5,5,5,2,3,1,0,0,Astrid,Ragdoll
CAT_02427,Male,1,4,6,5,4,6,6,5,3,3,0,1,0,Toby,Korat
CAT_02428,Male,2,5,7,5,3,5,6,5,5,4,0,1,0,Maverick,Siamese
CAT_02429,Male,4,5,6,6,5,6,6,5,3,4,0,1,0,Thane,British Shorthair
CAT_02430,Female,2,4,7,6,7,7,7,7,6,1,1,0,0,Seraphina,Persian
CAT_02431,Female,2,2,6,6,6,5,5,6,4,4,1,0,0,Luna,British Shorthair
CAT_02432,Male,1,5,7,6,3,7,4,6,4,6,0,1,0,Max,Abyssinian
CAT_02433,Female,2,6,6,6,1,7,5,4,4,4,1,0,0,Zara,Siamese
CAT_02434,Female,2,4,4,6,5,6,5,5,6,3,1,0,0,Whiskers,Ragdoll
CAT_02435,Male,5,3,4,3,5,5,4,3,6,2,0,1,0,Jasper,Russian Blue
CAT_02436,Female,3,4,4,4,3,5,4,3,6,3,1,0,0,Mittens,Chartreux
CAT_02437,Male,3,4,6,6,4,3,5,5,4,4,0,1,0,Oliver,Korat
CAT_02438,Female,1,3,6,6,4,1,5,5,4,4,1,0,0,Cleo,Persian
CAT_02439,Female,4,5,6,5,1,7,4,2,6,5,1,0,0,Onyx,Birman
CAT_02440,Unknown,6,6,4,6,5,6,4,6,4,6,0,0,1,Simba,Norwegian Forest Cat
CAT_02441,Female,4,5,6,6,2,6,6,6,5,5,1,0,0,Luna,Abyssinian
CAT_02442,Female,5,5,2,3,2,2,3,3,4,5,1,0,0,Sassy,Korat
CAT_02443,Male,2,6,6,6,7,6,6,7,2,3,0,1,0,Jasper,Maine Coon
CAT_02444,Female,4,4,6,3,4,6,4,2,2,2,1,0,0,Whiskers,British Shorthair
CAT_02445,Female,4,3,3,6,3,4,4,4,4,3,1,0,0,Misty,Ragdoll
CAT_02446,Male,1,4,4,4,7,5,2,2,5,4,0,1,0,Gatsby,Russian Blue
CAT_02447,Female,4,4,6,6,3,7,6,6,5,3,1,0,0,Aria,Siamese
CAT_02448,Female,5,5,7,6,4,6,6,4,6,4,1,0,0,Onyx,Abyssinian
CAT_02449,Female,5,5,5,4,3,6,4,2,5,4,1,0,0,Cleo,Sphynx
CAT_02450,Female,4,3,4,4,3,5,3,4,4,3,1,0,0,Piper,Norwegian Forest Cat
CAT_02451,Male,2,7,7,7,7,7,7,7,4,3,0,1,0,Rocket,Abyssinian
CAT_02452,Male,3,5,6,4,6,6,4,4,6,5,0,1,0,Jasper,British Shorthair
CAT_02453,Female,2,4,7,6,6,7,3,3,4,3,1,0,0,Luna,Ragdoll
CAT_02454,Female,4,3,2,4,3,7,6,6,5,4,1,0,0,Onyx,Sphynx
CAT_02455,Male,2,2,6,7,5,3,6,7,4,3,0,1,0,Mellow,Maine Coon
CAT_02456,Male,2,6,6,6,6,6,4,4,4,4,0,1,0,Baxter,American Shorthair
CAT_02457,Male,4,4,4,4,4,4,4,4,4,4,0,1,0,Thane,Korat
CAT_02458,Male,4,6,6,2,3,6,5,3,4,4,0,1,0,Ranger,Ocicat
CAT_02459,Female,4,6,4,4,4,7,6,4,6,3,1,0,0,Nova,Savannah
CAT_02460,Female,2,5,6,4,3,6,5,5,4,5,1,0,0,Willow,Bengal
CAT_02461,Male,2,5,4,3,2,5,3,2,4,5,0,1,0,Ranger,Abyssinian
CAT_02462,Male,2,5,7,5,2,7,6,4,5,5,0,1,0,Blaze,Abyssinian
CAT_02463,Male,2,6,6,6,4,6,6,6,4,2,0,1,0,Jasper,Maine Coon
CAT_02464,Male,5,6,6,5,2,7,6,5,4,2,0,1,0,Maverick,Abyssinian
CAT_02465,Male,2,5,7,6,4,5,6,4,2,4,0,1,0,Titan,Bengal
CAT_02466,Male,3,4,6,6,4,7,4,4,4,3,0,1,0,Cody,British Shorthair
CAT_02467,Male,6,5,4,6,5,7,6,5,4,1,0,1,0,Onyx,Savannah
CAT_02468,Male,4,5,7,5,5,6,4,4,4,4,0,1,0,Apollo,Ocicat
CAT_02469,Male,2,4,7,6,4,6,6,6,4,3,0,1,0,Hunter,Siberian
CAT_02470,Female,4,5,7,6,3,7,7,6,4,1,1,0,0,Luna,Ragdoll
CAT_02471,Male,2,5,7,7,6,2,6,7,6,1,0,1,0,Buddy,British Shorthair
CAT_02472,Male,4,4,3,4,1,6,4,2,5,7,0,1,0,Brutus,American Bobtail
CAT_02473,Female,4,5,6,6,3,7,6,5,4,3,1,0,0,Luna,Balinese
CAT_02474,Unknown,6,4,2,4,2,7,4,2,6,2,0,0,1,Onyx,Sphynx
CAT_02475,Female,1,6,7,6,7,6,7,6,4,1,1,0,0,Angel,Ragdoll
CAT_02476,Female,4,5,4,6,2,7,6,5,4,2,1,0,0,Jasmine,Maine Coon
CAT_02477,Female,2,4,6,6,4,5,6,6,6,4,1,0,0,Lola,Norwegian Forest Cat
CAT_02478,Female,2,4,7,6,3,3,6,6,4,5,1,0,0,Sophia,Siberian
CAT_02479,Female,2,6,4,6,1,7,7,6,4,7,1,0,0,Raven,Abyssinian
CAT_02480,Unknown,4,2,2,4,1,2,3,4,5,1,0,0,1,Mochi,Domestic Shorthair
CAT_02481,Male,2,7,6,6,6,7,6,6,4,4,0,1,0,Ranger,Abyssinian
CAT_02482,Female,2,4,6,6,5,4,4,6,4,1,1,0,0,Luna,British Longhair
CAT_02483,Female,3,5,4,4,4,7,6,4,5,3,1,0,0,Sassy,Siamese
CAT_02484,Female,3,5,6,4,2,6,4,2,5,4,1,0,0,Onyx,Ocicat
CAT_02485,Male,4,5,4,4,3,7,6,4,4,3,0,1,0,Gizmo,Devon Rex
CAT_02486,Male,5,5,4,5,1,4,6,5,2,1,0,1,0,Jasper,American Bobtail
CAT_02487,Female,6,6,4,2,1,6,6,4,5,1,1,0,0,Raven,Savannah
CAT_02488,Female,4,5,6,4,4,7,6,4,3,5,1,0,0,Vixen,Egyptian Mau
CAT_02489,Male,3,6,6,1,4,7,7,4,4,3,0,1,0,Blaze,Bengal
CAT_02490,Male,5,5,2,5,1,6,4,4,6,1,0,1,0,Khan,Russian Blue
CAT_02491,Male,2,3,7,6,4,7,5,6,4,2,0,1,0,Bobo,British Shorthair
CAT_02492,Female,4,4,4,4,3,7,6,4,4,4,1,0,0,Luna,Balinese
CAT_02493,Male,4,5,5,5,6,5,4,4,4,2,0,1,0,Jasper,Maine Coon
CAT_02494,Male,5,5,3,2,3,6,4,2,6,4,0,1,0,Rocky,Abyssinian
CAT_02495,Female,3,6,6,6,3,7,6,5,4,4,1,0,0,Whiskers,Ragdoll
CAT_02496,Male,5,3,4,6,5,2,4,4,4,3,0,1,0,Miko,British Longhair
CAT_02497,Male,2,5,6,6,4,5,6,6,3,2,0,1,0,Finn,Norwegian Forest Cat
CAT_02498,Female,1,4,6,5,4,6,4,6,4,5,1,0,0,Cleo,Siamese
CAT_02499,Male,2,6,6,6,4,7,6,6,5,4,0,1,0,Zeus,Savannah
CAT_02500,Female,3,7,7,6,4,7,6,6,6,6,1,0,0,Onyx,Ocicat
CAT_02501,Male,1,5,6,6,2,2,5,4,4,4,0,1,0,Rex,British Shorthair
CAT_02502,Male,1,1,2,1,1,5,4,1,4,7,0,1,0,Boss,British Longhair
CAT_02503,Male,2,4,7,7,2,7,7,7,4,4,0,1,0,Apollo,Maine Coon
CAT_02504,Female,2,3,6,6,4,7,5,5,4,5,1,0,0,Luna,Ragdoll
CAT_02505,Female,4,6,6,4,5,6,6,4,2,4,1,0,0,Onyx,Abyssinian
CAT_02506,Unknown,6,3,5,5,2,7,4,5,4,2,0,0,1,Mochi,Ocicat
CAT_02507,Female,6,6,5,2,5,5,4,3,2,2,1,0,0,Lola,Bengal
CAT_02508,Male,1,5,4,6,2,2,4,4,4,5,0,1,0,Jasper,American Bobtail
CAT_02509,Female,2,6,7,4,2,6,6,4,3,3,1,0,0,Akira,Norwegian Forest Cat
CAT_02510,Male,4,4,6,4,7,7,4,4,4,5,0,1,0,Thor,Savannah
CAT_02511,Male,1,3,7,6,1,7,6,6,4,6,0,1,0,Rascal,British Shorthair
CAT_02512,Male,3,4,7,5,2,5,6,6,4,5,0,1,0,Baxter,Burmese
CAT_02513,Male,1,2,4,2,2,5,7,5,7,5,0,1,0,Mochi,Maine Coon
CAT_02514,Male,1,4,6,6,2,7,5,5,4,4,0,1,0,Jager,American Shorthair
CAT_02515,Female,5,5,6,4,1,7,6,3,2,2,1,0,0,Loki,Siamese
CAT_02516,Male,2,5,6,7,4,6,6,7,6,4,0,1,0,Finnley,Ragdoll
CAT_02517,Female,1,3,7,7,7,7,5,6,4,1,1,0,0,Luna,Persian
CAT_02518,Female,3,5,4,2,4,7,4,2,6,7,1,0,0,Raven,Abyssinian
CAT_02519,Male,3,4,7,6,2,7,6,6,4,3,0,1,0,Maverick,Russian Blue
CAT_02520,Male,4,5,5,4,3,5,4,3,5,4,0,1,0,Bronson,Norwegian Forest Cat
CAT_02521,Male,3,4,6,5,4,5,4,4,5,4,0,1,0,Rocket,Abyssinian
CAT_02522,Female,3,6,7,6,4,3,6,6,4,4,1,0,0,Luna,Balinese
CAT_02523,Male,4,5,2,5,2,5,4,4,4,5,0,1,0,Thane,British Shorthair
CAT_02524,Female,3,5,6,4,2,3,4,3,5,5,1,0,0,Onyx,Norwegian Forest Cat
CAT_02525,Male,2,4,3,4,4,5,4,4,6,5,0,1,0,Jasper,Russian Blue
CAT_02526,Female,4,4,5,4,3,7,5,3,6,2,1,0,0,Sassy,Siamese
CAT_02527,Male,2,4,6,6,5,2,6,6,4,2,0,1,0,Cooper,Maine Coon
CAT_02528,Male,2,5,6,6,2,5,4,4,6,6,0,1,0,Titan,Savannah
CAT_02529,Female,4,5,6,4,4,7,4,3,4,5,1,0,0,Ripley,Ragdoll
CAT_02530,Female,4,2,6,4,1,4,1,3,1,6,1,0,0,Bertha,Sphynx
CAT_02531,Male,6,5,4,4,5,7,5,4,4,2,0,1,0,Onyx,Abyssinian
CAT_02532,Female,3,5,4,6,1,7,6,6,4,6,1,0,0,Luna,Birman
CAT_02533,Male,4,3,4,4,4,3,4,5,4,4,0,1,0,Jasper,British Shorthair
CAT_02534,Male,3,6,7,4,4,7,4,2,4,1,0,1,0,Blaze,Bengal
CAT_02535,Male,4,1,1,4,2,6,2,2,5,1,0,1,0,Miko,Russian Blue
CAT_02536,Female,6,5,4,4,4,3,6,4,6,3,1,0,0,Zelda,Norwegian Forest Cat
CAT_02537,Male,5,5,6,2,3,7,3,2,4,6,0,1,0,Thane,Siamese
CAT_02538,Female,2,6,6,6,3,2,6,6,6,3,1,0,0,Daisy,Oriental Shorthair
CAT_02539,Female,5,5,7,7,1,7,4,6,6,4,1,0,0,Sapphire,Burmese
CAT_02540,Female,2,5,6,4,4,7,6,4,4,4,1,0,0,Lola,Havana Brown
CAT_02541,Female,4,4,2,4,1,7,5,4,4,2,1,0,0,Luna,Abyssinian
CAT_02542,Female,3,4,4,5,2,2,5,4,6,4,1,0,0,Astrid,British Shorthair
CAT_02543,Male,3,5,6,6,4,7,4,2,6,5,0,1,0,Blaze,Bengal
CAT_02544,Female,2,4,6,6,1,6,6,6,5,1,1,0,0,Cleo,Ragdoll
CAT_02545,Male,2,7,6,6,6,6,7,6,4,3,0,1,0,Jager,Savannah
CAT_02546,Female,6,3,4,5,3,5,4,5,4,1,1,0,0,Odessa,Norwegian Forest Cat
CAT_02547,Female,5,3,2,4,1,2,4,2,4,1,1,0,0,Sable,Sphynx
CAT_02548,Male,3,3,2,4,1,6,5,4,5,5,0,1,0,Thane,Maine Coon
CAT_02549,Male,2,5,5,6,4,5,4,6,5,3,0,1,0,Ripley,Siberian
CAT_02550,Male,3,4,4,5,6,5,5,5,6,4,0,1,0,Maverick,Ocicat
CAT_02551,Male,2,6,6,6,7,7,5,5,4,5,0,1,0,Rocky,Abyssinian
CAT_02552,Female,5,5,4,4,5,6,4,4,4,4,1,0,0,Luna,British Shorthair
CAT_02553,Female,7,5,1,2,1,7,6,3,4,2,1,0,0,Onyx,Sphynx
CAT_02554,Male,2,4,5,5,4,3,4,5,4,4,0,1,0,Leo,Domestic Shorthair
CAT_02555,Female,4,2,6,4,2,5,2,3,3,2,1,0,0,Lola,Ragdoll
CAT_02556,Female,6,3,4,4,1,4,4,4,6,4,1,0,0,Sasha,Russian Blue
CAT_02557,Male,2,5,7,6,7,7,4,4,3,1,0,1,0,Max,Bengal
CAT_02558,Male,1,3,5,6,1,6,3,3,6,2,0,1,0,Jasper,Norwegian Forest Cat
CAT_02559,Male,1,5,6,6,4,2,6,5,4,1,0,1,0,Hunter,Maine Coon
CAT_02560,Male,3,4,4,4,4,3,4,4,4,4,0,1,0,Smudge,Chartreux
CAT_02561,Female,4,4,4,4,2,5,4,4,4,2,1,0,0,Luna,Abyssinian
CAT_02562,Female,5,7,5,4,1,7,4,2,6,6,1,0,0,Zephyr,Abyssinian
CAT_02563,Male,4,5,6,4,1,7,4,4,4,3,0,1,0,Jasper,Ocicat
CAT_02564,Male,2,6,7,6,7,5,6,6,4,1,0,1,0,Finley,Maine Coon
CAT_02565,Male,2,6,4,6,5,6,5,4,4,2,0,1,0,Hunter,Norwegian Forest Cat
CAT_02566,Male,3,3,3,4,1,7,4,2,6,3,0,1,0,Thane,British Shorthair
CAT_02567,Male,1,4,7,7,5,5,5,6,4,2,0,1,0,Cooper,Ragdoll
CAT_02568,Female,3,4,2,2,1,2,2,2,4,4,1,0,0,Onyx,Sphynx
CAT_02569,Male,3,4,6,6,7,5,6,6,4,3,0,1,0,Atlas,Siberian
CAT_02570,Female,6,3,1,4,1,2,4,4,6,3,1,0,0,Raven,Russian Blue
CAT_02571,Male,4,5,6,4,4,6,6,4,4,2,0,1,0,Rufus,Abyssinian
CAT_02572,Male,2,2,6,7,4,2,4,4,4,4,0,1,0,Jasper,British Shorthair
CAT_02573,Female,1,4,4,7,1,7,6,7,7,2,1,0,0,Luna,Siamese
CAT_02574,Male,3,4,6,4,2,6,5,4,4,5,0,1,0,Finn,American Bobtail
CAT_02575,Male,2,5,4,2,2,7,4,2,4,6,0,1,0,Blaze,Savannah
CAT_02576,Male,5,5,1,5,1,5,6,6,6,6,0,1,0,Loki,Ocicat
CAT_02577,Female,1,4,7,7,4,7,6,6,4,2,1,0,0,Willow,Korat
CAT_02578,Male,4,6,4,3,2,7,6,4,6,4,0,1,0,Thane,Norwegian Forest Cat
CAT_02579,Female,2,5,6,4,5,6,5,4,5,2,1,0,0,Piper,Tonkinese
CAT_02580,Female,2,5,4,7,2,7,6,7,4,1,1,0,0,Onyx,Maine Coon
CAT_02581,Female,6,4,5,6,1,6,4,4,4,2,1,0,0,Luna,British Shorthair
CAT_02582,Female,4,3,4,3,2,4,2,4,5,4,1,0,0,Whiskers,British Longhair
CAT_02583,Male,2,4,6,6,4,6,5,5,4,5,0,1,0,Maximus,Maine Coon
CAT_02584,Male,4,4,5,4,5,5,4,4,4,4,0,1,0,Jasper,Ragdoll
CAT_02585,Male,5,5,6,4,5,5,5,4,4,3,0,1,0,Finnley,Abyssinian
CAT_02586,Male,3,3,4,5,4,6,6,4,4,3,0,1,0,Bridger,Norwegian Forest Cat
CAT_02587,Female,2,6,7,6,4,2,5,5,6,2,1,0,0,Zephyr,Siamese
CAT_02588,Male,3,4,3,4,1,1,4,4,6,4,0,1,0,Gatsby,Russian Blue
CAT_02589,Female,2,5,6,3,2,7,5,4,4,5,1,0,0,Onyx,Oriental Shorthair
CAT_02590,Male,1,5,6,7,4,7,6,6,7,3,0,1,0,Apollo,Persian
CAT_02591,Female,2,5,6,6,2,4,5,5,5,4,1,0,0,Luna,Oriental Shorthair
CAT_02592,Male,2,5,6,6,5,6,7,6,4,4,0,1,0,Jasper,Abyssinian
CAT_02593,Male,4,5,4,5,2,6,6,4,2,2,0,1,0,Loki,British Shorthair
CAT_02594,Female,5,1,6,6,2,7,6,4,7,2,1,0,0,Ophelia,Ragdoll
CAT_02595,Male,4,6,6,6,4,7,6,6,4,3,0,1,0,Maverick,Bengal
CAT_02596,Male,6,4,2,3,3,6,3,2,6,2,0,1,0,Ripley,Maine Coon
CAT_02597,Male,2,5,4,5,2,2,4,4,6,6,0,1,0,Thane,Sphynx
CAT_02598,Male,1,5,7,7,6,6,6,6,4,2,0,1,0,Apollo,Siamese
CAT_02599,Male,2,4,6,6,1,2,6,6,6,6,0,1,0,Kai,Korat
CAT_02600,Male,2,5,6,4,4,7,4,2,5,6,0,1,0,Bronson,Norwegian Forest Cat
CAT_02601,Female,2,5,6,6,4,2,6,6,4,3,1,0,0,Luna,British Longhair
CAT_02602,Male,2,3,7,6,4,7,6,4,4,2,0,1,0,Jasper,Ragdoll
CAT_02603,Male,3,5,6,6,5,4,4,3,4,5,0,1,0,Rocky,Abyssinian
CAT_02604,Male,2,4,7,6,3,7,6,7,4,4,0,1,0,Leo,Persian
CAT_02605,Male,4,6,6,6,1,4,7,6,7,5,0,1,0,Zeus,Savannah
CAT_02606,Male,2,6,7,5,4,7,5,4,4,5,0,1,0,Hunter,Bengal
CAT_02607,Male,2,5,7,6,5,6,5,4,4,6,0,1,0,Maximus,Maine Coon
CAT_02608,Male,2,5,6,6,4,7,7,7,6,6,0,1,0,Maverick,Norwegian Forest Cat
CAT_02609,Female,6,4,3,4,5,1,4,2,4,2,1,0,0,Sassy,Sphynx
CAT_02610,Female,4,6,6,4,4,4,4,4,4,4,1,0,0,Onyx,Ocicat
CAT_02611,Female,3,4,6,6,6,1,6,6,7,1,1,0,0,Luna,British Shorthair
CAT_02612,Male,4,4,2,4,1,7,4,4,2,2,0,1,0,Brutus,American Bobtail
CAT_02613,Female,3,4,3,2,1,5,4,2,5,4,1,0,0,Whiskers,Korat
CAT_02614,Male,1,4,7,6,5,7,6,6,4,2,0,1,0,Maximilian,Ragdoll
CAT_02615,Female,2,5,7,6,5,7,6,5,4,1,1,0,0,Astrid,Maine Coon
CAT_02616,Female,4,5,5,6,3,6,5,5,4,4,1,0,0,Onyx,Chartreux
CAT_02617,Male,4,3,4,4,5,3,4,5,4,3,0,1,0,Jasper,Sphynx
CAT_02618,Male,3,5,5,4,3,6,4,4,6,5,0,1,0,Thane,British Longhair
CAT_02619,Female,4,1,6,4,2,4,6,3,6,3,1,0,0,Piper,Norwegian Forest Cat
CAT_02620,Male,6,4,5,2,3,6,5,4,4,5,0,1,0,Maverick,Siberian
CAT_02621,Male,1,5,6,6,4,7,6,6,6,5,0,1,0,Baxter,Abyssinian
CAT_02622,Male,6,5,4,4,3,7,4,4,4,3,0,1,0,Brutus,British Shorthair
CAT_02623,Female,3,4,6,6,7,5,6,6,4,2,1,0,0,Luna,Ragdoll
CAT_02624,Male,5,6,6,6,3,6,6,6,5,4,0,1,0,Blaze,Bengal
CAT_02625,Female,3,6,7,6,7,7,6,6,4,3,1,0,0,Onyx,Maine Coon
CAT_02626,Male,2,4,6,6,7,5,4,4,6,1,0,1,0,Jasper,British Longhair
CAT_02627,Female,1,4,7,6,5,6,6,6,2,1,1,0,0,Cleo,Siberian
CAT_02628,Male,3,5,7,6,7,7,4,4,4,2,0,1,0,Maverick,American Bobtail
CAT_02629,Male,4,3,6,4,2,6,4,2,5,4,0,1,0,Rusty,Chartreux
CAT_02630,Female,2,6,7,6,4,7,6,6,6,3,1,0,0,Akira,Norwegian Forest Cat
CAT_02631,Male,4,6,6,4,1,7,4,4,5,4,0,1,0,Rufus,Abyssinian
CAT_02632,Male,2,5,7,7,3,7,4,6,4,2,0,1,0,Jasper,Ragdoll
CAT_02633,Male,4,3,4,5,2,7,6,4,4,2,0,1,0,Miko,British Shorthair
CAT_02634,Male,5,5,5,5,3,6,5,5,2,5,0,1,0,Baron,Ocicat
CAT_02635,Female,4,5,4,4,2,2,6,4,6,3,1,0,0,Lola,Siamese
CAT_02636,Male,5,3,5,5,3,3,6,4,5,4,0,1,0,Gizmo,Maine Coon
CAT_02637,Male,2,5,7,6,3,7,6,5,4,4,0,1,0,Finn,Bengal
CAT_02638,Female,2,4,6,6,6,1,6,6,6,3,1,0,0,Mochi,British Longhair
CAT_02639,Female,2,5,6,6,3,5,5,5,4,3,1,0,0,Willow,Norwegian Forest Cat
CAT_02640,Male,4,5,6,4,6,3,6,5,5,3,0,1,0,Hunter,Siberian
CAT_02641,Male,2,5,4,4,4,5,4,4,6,4,0,1,0,Rocket,Abyssinian
CAT_02642,Male,2,3,4,7,3,7,6,6,6,3,0,1,0,Bubbles,British Shorthair
CAT_02643,Male,2,5,6,5,5,7,4,4,4,3,0,1,0,Maverick,Abyssinian
CAT_02644,Male,1,4,6,6,4,6,6,5,5,5,0,1,0,Jasper,British Longhair
CAT_02645,Male,3,6,7,6,4,6,6,5,4,4,0,1,0,Blaze,Maine Coon
CAT_02646,Male,5,5,4,4,4,5,4,4,2,4,0,1,0,Gizmo,Russian Blue
CAT_02647,Male,4,5,3,4,4,1,4,3,6,4,0,1,0,Loki,Ocicat
CAT_02648,Female,3,4,5,6,1,7,6,6,2,3,1,0,0,Cleo,Ragdoll
CAT_02649,Female,5,4,6,5,6,2,6,4,6,3,1,0,0,Onyx,Siberian
CAT_02650,Male,3,6,7,4,5,7,7,6,4,4,0,1,0,Thane,Bengal
CAT_02651,Female,4,4,6,5,3,5,3,3,4,3,1,0,0,Luna,British Shorthair
CAT_02652,Female,2,4,7,6,4,7,4,4,4,6,1,0,0,Daphne,Burmese
CAT_02653,Female,3,6,4,3,3,5,4,3,4,3,1,0,0,Zing,Abyssinian
CAT_02654,Female,4,5,6,4,5,4,6,4,4,4,1,0,0,Whisper,Ragdoll
CAT_02655,Female,4,5,5,5,1,7,6,4,2,1,1,0,0,Onyx,Savannah
CAT_02656,Female,2,3,4,4,1,6,4,4,6,5,1,0,0,Piper,Siberian
CAT_02657,Male,2,5,7,6,2,7,5,6,3,5,0,1,0,Blaze,Siamese
CAT_02658,Male,2,5,6,5,4,7,4,4,3,3,0,1,0,Jasper,Norwegian Forest Cat
CAT_02659,Male,3,3,4,5,5,5,5,4,4,3,0,1,0,Gus,Russian Blue
CAT_02660,Female,5,5,2,2,2,6,4,2,6,6,1,0,0,Bruiser,Ocicat
CAT_02661,Male,2,6,7,6,7,7,7,6,2,2,0,1,0,Max,Abyssinian
CAT_02662,Male,1,4,7,7,5,7,7,7,6,2,0,1,0,Leo,British Shorthair
CAT_02663,Female,4,4,6,6,1,6,4,4,4,7,1,0,0,Onyx,Sphynx
CAT_02664,Female,3,7,6,5,4,7,7,6,4,6,1,0,0,Luna,Bengal
CAT_02665,Female,4,5,6,6,5,5,4,4,4,1,1,0,0,Whiskers,Maine Coon
CAT_02666,Male,4,4,3,2,3,4,4,4,4,4,0,1,0,Thane,Korat
CAT_02667,Male,2,6,6,6,6,4,6,5,4,4,0,1,0,Jasper,American Bobtail
CAT_02668,Male,2,4,6,6,5,3,4,6,6,2,0,1,0,Finn,Russian Blue
CAT_02669,Male,3,5,5,6,4,6,6,5,5,4,0,1,0,Ryder,Norwegian Forest Cat
CAT_02670,Male,2,4,4,6,2,2,2,4,4,3,0,1,0,Gus,Domestic Shorthair
CAT_02671,Male,3,5,6,4,4,6,5,2,6,3,0,1,0,Rufus,Abyssinian
CAT_02672,Male,5,5,4,4,3,5,4,4,5,2,0,1,0,Jasper,British Shorthair
CAT_02673,Female,3,4,5,5,3,1,4,4,5,5,1,0,0,Luna,Ragdoll
CAT_02674,Female,2,5,6,4,2,6,5,4,4,5,1,0,0,Astrid,Siamese
CAT_02675,Male,6,2,6,6,4,2,6,6,4,2,0,1,0,Gizmo,Persian
CAT_02676,Male,2,2,6,6,3,7,4,5,6,3,0,1,0,Finn,Maine Coon
CAT_02677,Male,4,4,6,6,2,6,6,6,6,6,0,1,0,Maximus,Norwegian Forest Cat
CAT_02678,Female,2,5,7,6,1,6,6,6,6,3,1,0,0,Aurora,Ocicat
CAT_02679,Male,7,4,4,4,7,3,2,2,4,1,0,1,0,Boris,Russian Blue
CAT_02680,Male,2,5,6,7,2,7,7,7,4,5,0,1,0,Apollo,Savannah
CAT_02681,Female,5,5,5,2,1,6,4,4,4,7,1,0,0,Astrid,British Shorthair
CAT_02682,Male,2,3,7,7,1,7,4,6,7,6,0,1,0,Buster,Ragdoll
CAT_02683,Male,4,4,3,3,3,5,4,2,6,5,0,1,0,Jasper,Cymric
CAT_02684,Male,2,3,6,6,1,4,4,4,4,7,0,1,0,Maverick,Maine Coon
CAT_02685,Female,5,5,6,4,2,7,6,4,3,3,1,0,0,Whiskers,Abyssinian
CAT_02686,Male,2,4,6,6,6,4,6,6,4,3,0,1,0,Finnley,Bengal
CAT_02687,Male,5,6,7,5,7,7,5,4,6,3,0,1,0,Brutus,Ocicat
CAT_02688,Female,4,5,6,6,4,5,4,5,4,3,1,0,0,Luna,Norwegian Forest Cat
CAT_02689,Male,5,6,4,4,4,6,4,3,4,4,0,1,0,Onyx,Russian Blue
CAT_02690,Male,2,5,6,6,4,6,5,5,4,3,0,1,0,Gideon,Savannah
CAT_02691,Female,4,5,6,4,4,5,4,4,4,5,1,0,0,Luna,Abyssinian
CAT_02692,Male,2,6,7,3,1,6,4,3,4,3,0,1,0,Jasper,Bombay
CAT_02693,Male,1,3,2,4,1,4,2,4,6,5,0,1,0,Miko,British Shorthair
CAT_02694,Female,1,3,6,7,4,3,7,7,6,2,1,0,0,Daisy,Ragdoll
CAT_02695,Male,2,5,6,7,4,6,6,6,6,1,0,1,0,Leo,Maine Coon
CAT_02696,Male,1,3,6,5,3,5,6,6,6,5,0,1,0,Felix,Norwegian Forest Cat
CAT_02697,Female,4,5,5,4,2,5,4,4,5,4,1,0,0,Onyx,Siamese
CAT_02698,Female,3,4,6,4,4,5,4,4,6,4,1,0,0,Cleo,Balinese
CAT_02699,Male,1,4,7,7,7,4,6,6,4,1,0,1,0,Apollo,Siberian
CAT_02700,Female,3,5,6,4,2,6,5,4,6,5,1,0,0,Willow,Ocicat
CAT_02701,Male,2,5,6,6,4,6,6,6,4,3,0,1,0,Baxter,Abyssinian
CAT_02702,Male,2,5,6,4,5,7,5,4,4,6,0,1,0,Baron,Bombay
CAT_02703,Male,2,5,6,6,4,1,6,6,4,3,0,1,0,Jasper,Abyssinian
CAT_02704,Female,5,5,4,1,2,7,4,1,5,6,1,0,0,Vixen,Sphynx
CAT_02705,Male,5,5,2,3,4,3,4,2,6,4,0,1,0,Ranger,Korat
CAT_02706,Female,7,3,4,2,2,1,5,3,6,1,1,0,0,Onyx,Siamese
CAT_02707,Female,5,5,4,3,3,5,4,4,6,3,1,0,0,Luna,Tonkinese
CAT_02708,Female,2,4,6,5,1,3,6,6,4,7,1,0,0,Duchess,Ragdoll
CAT_02709,Male,5,5,5,4,5,3,6,4,6,4,0,1,0,Maverick,Maine Coon
CAT_02710,Male,6,6,6,5,4,7,5,4,4,3,0,1,0,Blaze,Bengal
CAT_02711,Female,5,5,4,4,2,7,5,4,6,2,1,0,0,Luna,Abyssinian
CAT_02712,Female,5,6,6,2,1,1,4,3,3,1,1,0,0,Whisper,Korat
CAT_02713,Female,6,5,5,4,2,5,2,2,2,2,1,0,0,Pixie,Devon Rex
CAT_02714,Male,1,4,4,2,1,4,4,2,6,7,0,1,0,Atlas,Russian Blue
CAT_02715,Female,4,5,5,4,3,3,4,4,4,5,1,0,0,Willow,Norwegian Forest Cat
CAT_02716,Male,3,4,6,4,2,7,4,4,4,4,0,1,0,Finn,Siamese
CAT_02717,Male,3,6,7,6,4,7,3,2,2,5,0,1,0,Jasper,Abyssinian
CAT_02718,Male,2,6,6,3,4,7,4,3,4,5,0,1,0,Thor,Oriental Shorthair
CAT_02719,Male,6,5,4,3,4,6,5,3,6,2,0,1,0,Maverick,Scottish Fold
CAT_02720,Male,2,5,6,5,1,6,6,6,6,5,0,1,0,Maximilian,Maine Coon
CAT_02721,Female,6,5,3,2,4,5,4,2,4,2,1,0,0,Luna,Abyssinian
CAT_02722,Male,6,4,4,4,6,6,4,4,4,2,0,1,0,Jasper,British Shorthair
CAT_02723,Female,1,4,7,6,3,7,4,4,7,6,1,0,0,Cleo,Siamese
CAT_02724,Male,2,3,2,4,2,3,4,4,6,5,0,1,0,Mochi,Russian Blue
CAT_02725,Male,4,3,2,5,3,1,4,4,6,2,0,1,0,Gizmo,Maine Coon
CAT_02726,Male,2,4,6,4,4,6,5,3,4,6,0,1,0,Leo,Bengal
CAT_02727,Female,4,4,4,2,1,7,2,2,4,6,1,0,0,Onyx,Abyssinian
CAT_02728,Male,2,6,6,6,7,7,6,5,4,5,0,1,0,Apollo,Ocicat
CAT_02729,Male,4,5,6,6,4,1,5,6,4,5,0,1,0,Orion,Norwegian Forest Cat
CAT_02730,Male,2,6,4,4,4,7,5,4,6,4,0,1,0,Kai,Savannah
CAT_02731,Male,4,3,2,5,5,5,4,4,4,3,0,1,0,Brock,British Shorthair
CAT_02732,Female,4,4,6,4,6,1,4,2,4,1,1,0,0,Luna,Balinese
CAT_02733,Male,1,5,5,6,6,6,6,6,6,3,0,1,0,Blaze,Abyssinian
CAT_02734,Male,6,2,6,3,3,7,4,4,6,3,0,1,0,Thane,British Longhair
CAT_02735,Male,4,5,3,4,4,4,5,4,4,6,0,1,0,Ranger,Siberian
CAT_02736,Male,1,3,4,4,1,7,4,4,6,5,0,1,0,Thatcher,Devon Rex
CAT_02737,Female,5,5,4,2,1,5,4,2,6,6,1,0,0,Onyx,Ocicat
CAT_02738,Male,4,4,6,4,3,3,6,4,4,5,0,1,0,Maverick,American Bobtail
CAT_02739,Male,2,4,6,6,6,7,6,5,4,1,0,1,0,Apollo,Maine Coon
CAT_02740,Female,1,5,3,5,4,1,6,6,6,3,1,0,0,Dakota,Norwegian Forest Cat
CAT_02741,Female,7,5,3,4,2,7,5,2,4,3,1,0,0,Luna,Abyssinian
CAT_02742,Female,2,5,5,3,4,6,5,4,4,4,1,0,0,Daisy,British Shorthair
CAT_02743,Male,5,5,7,2,6,3,4,2,4,4,0,1,0,Jasper,Ragdoll
CAT_02744,Male,3,6,7,4,3,7,5,4,4,6,0,1,0,Blaze,Siamese
CAT_02745,Female,6,4,4,4,4,5,4,4,6,3,1,0,0,Whiskers,Norwegian Forest Cat
CAT_02746,Female,2,6,6,6,4,6,6,6,4,5,1,0,0,Sugar,Maine Coon
CAT_02747,Male,5,5,6,4,6,3,6,4,4,3,0,1,0,Felix,Bengal
CAT_02748,Male,3,3,4,2,2,2,4,4,6,5,0,1,0,Gizmo,Russian Blue
CAT_02749,Male,2,6,6,6,6,2,6,6,4,1,0,1,0,Hunter,Savannah
CAT_02750,Female,4,2,2,4,2,1,4,5,4,2,1,0,0,Misty,Persian
CAT_02751,Male,1,3,4,4,2,1,6,6,6,7,0,1,0,"Here are the suitable cat names:

Boris",Abyssinian
CAT_02752,Male,2,5,6,3,4,6,6,4,5,6,0,1,0,Jasper,Abyssinian
CAT_02753,Male,5,6,4,2,3,7,6,3,5,3,0,1,0,Blaze,Abyssinian
CAT_02754,Male,6,4,5,4,3,4,5,4,6,2,0,1,0,Finn,British Shorthair
CAT_02755,Female,1,3,6,6,2,5,4,5,4,1,1,0,0,Luna,Ragdoll
CAT_02756,Male,4,6,2,4,2,7,4,4,5,6,0,1,0,Ranger,Abyssinian
CAT_02757,Male,5,5,4,4,1,4,6,6,3,3,0,1,0,Maverick,Korat
CAT_02758,Male,5,5,6,2,1,5,4,2,3,7,0,1,0,Titan,Savannah
CAT_02759,Male,5,3,4,5,3,4,2,2,4,4,0,1,0,Miko,Maine Coon
CAT_02760,Male,3,4,6,4,4,5,4,4,4,4,0,1,0,Leo,British Shorthair
CAT_02761,Female,1,4,6,4,1,1,6,4,6,5,1,0,0,Luna,British Shorthair
CAT_02762,Male,5,5,2,4,2,5,4,4,6,4,0,1,0,Brutus,Abyssinian
CAT_02763,Female,4,4,4,4,5,4,5,4,4,4,1,0,0,Mochi,Domestic Shorthair
CAT_02764,Male,2,6,7,6,5,5,6,6,3,3,0,1,0,Blaze,Maine Coon
CAT_02765,Female,7,5,4,4,2,7,6,4,3,4,1,0,0,Screech,Sphynx
CAT_02766,Female,2,6,6,5,2,7,4,4,6,7,1,0,0,Onyx,Ocicat
CAT_02767,Male,2,4,6,6,4,2,6,6,4,5,0,1,0,Finn,Norwegian Forest Cat
CAT_02768,Female,2,6,6,4,2,7,6,5,6,6,1,0,0,Ripley,Bengal
CAT_02769,Male,4,6,6,6,1,7,4,4,6,7,0,1,0,Maverick,Russian Blue
CAT_02770,Male,3,3,4,4,3,3,4,4,4,4,0,1,0,Simba,Domestic Shorthair
CAT_02771,Female,7,7,3,1,1,3,7,4,7,2,1,0,0,Luna,Abyssinian
CAT_02772,Female,4,5,5,4,2,3,5,4,4,2,1,0,0,Whiskers,British Shorthair
CAT_02773,Male,1,2,4,6,4,4,1,4,7,2,0,1,0,Mellow,Maine Coon
CAT_02774,Male,6,5,6,5,6,6,4,4,3,4,0,1,0,Blaze,Bengal
CAT_02775,Male,3,4,4,4,1,7,6,2,4,3,0,1,0,Loki,Abyssinian
CAT_02776,Female,1,6,6,6,4,7,6,5,4,4,1,0,0,Akira,Siberian
CAT_02777,Female,2,5,7,4,4,5,4,4,6,4,1,0,0,Gracie,Ragdoll
CAT_02778,Female,5,3,6,6,3,5,5,5,2,3,1,0,0,Cleo,Chartreux
CAT_02779,Male,1,3,5,5,6,1,4,4,2,3,0,1,0,Jasper,British Longhair
CAT_02780,Unknown,1,5,7,6,2,7,6,4,4,5,0,0,1,Onyx,Savannah
CAT_02781,Male,4,3,2,3,1,6,2,3,5,3,0,1,0,Boris,British Shorthair
CAT_02782,Female,2,3,6,6,6,1,4,4,4,2,1,0,0,Luna,Ragdoll
CAT_02783,Male,3,5,7,6,2,6,6,6,4,2,0,1,0,Jasper,Abyssinian
CAT_02784,Female,1,4,7,7,1,6,7,7,7,6,1,0,0,Aurora,Sphynx
CAT_02785,Female,2,4,6,6,4,7,6,4,6,1,1,0,0,Onyx,Burmese
CAT_02786,Female,2,5,6,5,1,6,5,3,4,7,1,0,0,Xanthe,Ocicat
CAT_02787,Male,4,4,6,4,3,2,5,4,5,2,0,1,0,Thane,American Bobtail
CAT_02788,Male,4,6,4,4,6,7,6,5,4,3,0,1,0,Kairos,Savannah
CAT_02789,Female,4,6,6,5,2,3,5,3,6,1,1,0,0,Piper,Norwegian Forest Cat
CAT_02790,Male,5,4,4,4,3,5,4,4,5,4,0,1,0,Maverick,Russian Blue
CAT_02791,Unknown,3,1,4,4,1,1,7,4,1,1,0,0,1,Misty,British Shorthair
CAT_02792,Male,3,5,4,4,2,5,6,5,6,5,0,1,0,Blaze,Abyssinian
CAT_02793,Female,2,2,7,6,1,3,4,4,4,7,1,0,0,Luna,Ragdoll
CAT_02794,Female,2,5,6,6,4,6,5,4,4,2,1,0,0,Dakota,Siamese
CAT_02795,Female,4,4,3,6,3,5,6,6,6,3,1,0,0,Onyx,Norwegian Forest Cat
CAT_02796,Male,2,5,6,6,2,3,6,6,4,3,0,1,0,Jasper,Maine Coon
